id,wrkstat,marital,agewed,sibs,childs,age,birthmo,zodiac,educ,degree,padeg,madeg,sex,race,rincom91
1,1,3,20,3,1,43,5,2,11,1,7,0,1,1,17
2,1,5,0,2,0,44,8,6,16,3,0,0,1,2,18
3,1,3,25,2,0,43,2,11,16,3,1,0,2,1,18
4,2,5,0,4,0,45,99,99,15,1,1,8,2,1,22
7,1,1,22,2,2,55,10,7,12,1,0,0,2,1,15
9,1,3,22,1,2,31,7,4,18,4,1,1,1,1,20
10,2,5,0,1,0,54,3,12,18,4,0,1,2,1,2
11,1,5,0,1,0,29,4,2,18,4,0,0,2,1,16
12,1,5,0,0,0,23,10,8,15,1,7,2,2,1,3
13,1,1,31,0,1,61,99,99,12,1,1,1,2,1,8
15,4,5,0,4,3,33,3,12,10,0,8,8,2,3,9
16,1,5,0,0,1,36,11,8,14,1,7,1,2,2,10
18,1,1,22,9,0,55,1,10,15,1,1,0,1,3,22
19,1,1,32,1,1,55,9,7,16,3,1,0,2,1,14
20,1,1,24,2,2,34,4,2,16,3,0,1,1,1,21
21,3,1,24,5,2,36,6,3,14,2,3,3,2,1,15
22,2,1,23,0,3,44,8,5,18,3,1,1,2,1,18
24,1,5,0,5,1,32,7,5,16,3,3,3,1,3,11
25,2,1,32,7,4,37,9,6,5,0,0,0,1,3,4
27,1,1,40,5,0,49,9,6,16,3,3,3,2,3,15
28,1,3,16,6,2,45,11,9,16,3,1,7,2,3,20
29,1,5,0,2,0,36,4,2,18,3,1,4,2,1,9
30,2,5,0,5,0,23,3,1,16,1,7,3,2,2,5
31,1,5,0,1,0,29,5,2,16,4,3,3,1,1,19
32,1,5,0,3,1,30,2,11,14,2,1,0,2,2,16
33,1,5,0,8,1,40,7,4,16,3,0,1,2,2,16
34,1,5,0,8,2,26,8,6,11,0,1,1,2,1,11
36,4,1,22,11,1,53,10,8,14,1,1,1,2,3,10
37,2,1,19,2,0,20,12,9,12,1,0,0,2,3,2
38,1,3,24,4,2,63,7,4,12,1,0,0,2,1,9
39,2,1,28,7,3,41,9,6,6,0,0,0,1,3,16
40,1,3,19,3,1,33,8,5,14,1,2,2,2,1,17
41,1,1,24,4,2,34,1,10,12,1,0,8,1,3,12
42,1,1,20,5,4,61,7,4,16,3,3,3,2,3,13
43,2,1,26,2,0,29,6,3,18,4,3,0,2,1,18
44,1,5,0,4,0,45,2,11,13,1,1,1,2,1,20
45,1,5,0,2,0,31,3,1,14,1,0,0,1,1,18
47,1,1,26,1,1,28,4,1,18,4,0,0,1,1,17
48,1,3,21,2,0,34,7,5,18,4,1,1,2,1,18
49,1,3,21,2,2,45,4,1,13,1,1,1,2,1,18
50,1,3,21,0,0,35,7,4,16,3,4,1,2,1,19
51,1,5,0,1,0,48,6,3,16,3,8,1,1,1,19
53,1,3,17,21,8,39,3,12,19,4,3,4,1,2,16
55,1,1,19,6,3,27,9,6,15,1,1,1,2,2,4
56,1,5,0,1,0,36,10,7,12,1,7,0,1,1,6
58,1,5,0,2,0,42,7,4,12,1,7,1,2,3,16
59,1,1,19,2,3,31,11,8,16,3,7,0,2,1,11
60,1,5,0,8,0,44,5,3,16,3,0,0,2,3,13
61,1,1,24,5,3,39,4,2,12,1,0,0,1,1,13
65,1,1,18,4,2,39,9,6,15,1,8,0,2,1,17
66,1,1,22,3,2,45,11,9,14,1,1,0,1,2,17
67,1,1,23,1,3,46,8,6,20,4,0,7,1,1,21
68,1,5,0,1,0,23,3,1,16,3,4,4,2,1,15
69,2,1,22,1,2,37,9,7,16,3,1,1,2,1,9
70,1,5,0,3,0,27,6,4,13,1,1,1,1,1,17
71,1,5,0,3,0,23,8,5,16,3,7,1,2,1,4
72,1,1,22,2,2,31,5,3,16,3,3,2,1,1,14
75,2,1,23,2,3,41,11,8,13,1,0,8,1,2,12
76,2,2,35,3,0,70,4,1,12,0,7,0,2,2,9
78,4,1,25,8,3,41,12,9,12,1,1,1,1,2,10
83,1,1,22,1,1,29,6,3,14,2,7,3,2,2,12
84,3,5,0,2,2,51,8,5,13,1,1,1,2,2,12
85,1,1,22,0,0,35,7,4,16,3,1,1,1,1,16
86,1,1,25,3,1,36,7,4,14,1,0,1,1,1,18
87,1,1,27,2,2,41,12,10,12,1,1,1,1,1,17
88,1,5,0,1,0,62,3,12,18,3,0,8,2,1,12
89,1,1,21,1,2,44,11,9,12,1,0,1,1,1,21
91,1,1,30,3,9,49,2,11,15,1,8,0,1,1,18
92,1,5,0,4,0,62,11,9,12,1,1,7,2,1,15
93,5,1,21,1,4,62,3,1,18,4,0,1,2,1,10
94,2,1,29,2,1,49,12,10,13,1,3,1,2,1,22
96,1,1,26,1,2,45,6,3,18,4,4,1,1,1,21
100,1,5,0,3,0,31,7,4,16,3,3,2,1,1,17
101,3,5,0,3,0,27,3,12,11,0,7,1,2,1,4
102,1,1,20,2,2,45,11,8,15,1,0,1,1,1,20
103,1,1,24,2,0,27,9,6,16,3,1,1,1,1,15
105,1,5,0,2,0,28,7,4,13,1,1,1,1,1,16
106,3,1,20,7,5,52,5,2,14,1,1,1,1,1,18
107,5,1,25,9,5,69,2,11,7,0,0,0,1,1,9
108,1,1,27,5,0,43,11,8,12,1,0,0,1,1,18
109,1,1,24,1,0,28,3,12,16,3,1,0,1,1,15
110,2,1,18,4,2,52,10,7,14,2,0,0,2,1,1
112,2,1,20,3,3,37,2,11,17,3,0,1,2,1,17
113,2,1,19,4,2,36,9,6,12,1,1,3,2,1,22
114,1,1,19,6,0,24,1,11,12,1,1,8,2,1,10
115,1,1,37,2,2,51,2,12,19,4,3,3,1,1,21
116,1,1,20,8,3,57,4,1,17,3,1,1,1,1,21
117,1,1,34,3,3,72,4,2,16,3,1,1,1,1,21
118,2,1,28,1,3,45,7,4,18,4,1,1,2,1,8
119,1,1,25,2,2,32,6,4,18,4,1,2,1,1,20
122,1,5,0,5,0,50,10,7,15,2,0,7,1,2,16
124,4,2,30,11,1,59,2,11,16,1,0,0,1,3,9
126,7,1,26,3,2,37,4,2,12,1,0,0,2,1,2
127,2,1,18,19,8,54,5,2,8,0,0,0,2,1,1
128,1,1,18,0,2,43,11,8,6,0,7,8,1,1,14
129,1,9,99,2,9,99,11,8,18,3,3,4,1,2,22
131,5,1,18,0,4,60,7,4,14,1,1,1,2,2,17
132,1,1,19,0,5,60,4,2,13,1,1,0,1,2,21
133,1,1,28,1,2,46,11,8,16,3,3,3,2,2,22
136,1,1,26,1,0,27,1,10,15,1,7,1,1,1,15
137,1,3,19,1,2,45,6,3,12,1,1,1,2,1,16
138,1,1,21,2,4,51,1,11,16,3,0,0,1,1,20
139,1,1,28,1,0,38,12,9,16,3,3,3,1,1,19
140,1,1,27,1,1,44,12,10,20,4,7,0,1,3,17
141,1,1,29,3,2,40,7,4,18,4,1,2,1,1,19
144,2,1,19,2,2,40,6,3,14,1,1,1,2,1,22
145,7,1,29,3,1,34,9,7,14,1,3,1,2,1,9
146,3,2,17,0,3,54,7,5,12,1,8,1,2,1,8
147,1,1,21,5,2,59,5,3,20,4,0,0,1,1,21
148,1,5,0,6,0,36,11,8,12,1,1,1,1,1,19
149,1,1,30,5,1,35,11,9,14,1,0,0,1,1,17
150,1,1,19,4,4,30,2,11,14,1,7,0,2,1,14
151,3,1,20,2,1,34,5,3,16,3,2,1,2,1,13
155,1,5,0,5,0,33,2,12,16,3,1,1,2,1,18
156,2,1,32,1,1,38,3,12,17,3,4,3,2,1,22
157,1,1,27,1,2,49,3,12,20,4,4,4,2,1,22
158,1,5,0,2,0,56,3,12,18,4,2,1,1,1,19
159,1,1,31,1,2,55,7,5,20,4,0,1,1,1,21
160,1,1,36,4,0,61,12,9,20,4,3,1,2,1,18
161,1,5,0,5,0,34,3,12,16,3,1,1,1,1,8
162,2,5,0,3,0,43,8,5,17,3,3,3,2,1,11
164,1,1,25,4,0,48,3,12,16,4,8,8,1,2,21
165,1,4,31,4,2,43,6,4,16,3,8,1,2,1,3
167,4,4,26,4,2,35,7,4,12,0,1,1,1,1,17
170,2,2,21,3,2,59,5,3,12,1,1,0,2,1,8
171,1,3,24,3,0,38,12,10,12,1,1,8,1,1,20
172,2,1,22,4,2,43,8,6,15,1,1,2,2,1,15
173,1,1,26,3,1,31,1,11,12,1,3,3,1,1,14
175,1,5,0,1,0,40,7,5,16,3,4,4,1,1,16
176,1,5,0,2,0,27,1,11,17,3,1,1,1,1,16
177,1,3,38,2,0,52,8,6,16,3,4,1,1,1,15
178,1,1,29,4,0,32,6,3,12,1,0,7,2,1,17
180,1,1,20,2,3,55,4,1,13,1,0,1,2,1,14
181,1,1,20,3,3,53,7,5,16,3,4,1,2,1,9
186,2,2,16,10,5,72,6,3,8,0,0,0,2,1,8
188,7,2,20,5,2,76,99,99,14,0,7,0,2,1,22
189,1,1,23,4,1,30,99,99,16,2,1,1,1,1,18
191,1,3,22,3,1,34,1,11,12,1,7,1,1,1,17
193,1,1,21,3,0,43,4,1,16,3,0,3,2,1,13
194,1,1,29,5,2,37,10,8,19,4,4,4,1,1,9
197,5,1,18,0,1,75,1,10,12,1,0,0,2,1,8
199,1,1,18,5,2,42,6,4,12,1,1,0,2,3,11
202,3,5,0,1,0,55,12,9,12,1,1,1,2,1,18
203,1,2,32,12,2,66,1,10,20,4,0,0,1,2,20
204,8,1,25,0,2,69,4,2,16,3,3,1,1,1,22
205,1,3,21,7,5,57,7,4,14,2,7,0,2,2,18
206,1,1,35,0,3,57,6,3,18,4,7,3,2,1,10
209,1,5,0,1,0,36,8,5,17,3,1,1,1,2,17
210,7,1,29,3,0,32,1,11,18,4,3,3,2,1,18
212,6,1,21,4,1,30,3,1,14,1,1,3,2,1,12
213,2,1,20,1,2,59,6,3,13,1,1,0,2,1,15
214,1,1,23,3,5,39,7,5,17,3,1,0,1,1,21
215,1,3,99,4,0,49,8,5,14,1,0,1,2,1,16
216,1,3,31,3,2,51,12,9,13,1,1,1,2,1,11
219,1,1,26,2,2,53,10,7,18,4,0,1,1,1,17
220,1,1,18,4,4,41,10,7,13,1,1,1,2,1,4
221,1,3,20,4,1,38,7,5,11,0,0,0,1,1,11
223,2,1,22,2,2,58,7,4,17,4,0,0,1,1,18
226,2,2,16,7,0,71,1,10,6,0,9,9,2,2,5
227,1,1,26,7,5,59,9,6,12,1,0,0,2,2,8
228,1,1,27,3,0,33,10,7,14,1,1,1,2,1,15
229,1,1,26,2,3,50,11,9,12,1,1,0,1,1,19
230,1,1,27,1,2,51,3,1,14,1,1,7,2,1,18
231,1,1,20,0,2,60,2,12,12,1,1,1,2,1,15
233,1,1,30,5,3,41,9,6,17,3,3,3,2,3,20
235,1,5,0,8,0,57,6,4,12,1,0,0,1,1,15
237,1,1,22,1,3,50,10,7,12,1,0,1,2,1,22
239,1,2,26,2,2,50,11,8,16,3,8,1,2,1,22
240,2,1,20,3,3,53,3,1,13,1,1,1,2,1,22
241,1,1,28,3,1,34,11,8,16,3,1,1,1,1,22
242,1,1,18,3,2,47,9,6,12,1,7,1,2,1,15
243,2,1,18,2,2,45,12,9,14,2,0,3,2,1,14
244,1,1,20,4,3,35,5,3,19,4,7,1,1,1,14
246,1,1,24,5,5,37,10,7,14,2,1,2,1,1,16
247,1,4,27,5,2,41,12,10,17,3,1,1,2,1,17
248,1,5,0,3,0,27,7,4,14,1,1,2,2,1,16
249,1,5,0,0,0,27,10,8,16,3,3,3,2,1,15
250,1,1,25,4,0,50,6,3,14,2,8,1,1,1,19
251,1,1,27,2,0,28,5,2,16,3,2,1,1,1,16
252,1,1,29,2,0,31,11,9,16,3,1,1,1,1,13
253,1,5,0,1,0,51,8,5,12,1,9,1,1,1,15
255,1,1,21,5,4,41,7,4,11,0,9,9,1,3,10
256,1,5,0,9,0,26,2,11,15,1,7,0,1,3,11
259,1,1,26,2,3,43,6,3,16,3,1,8,1,1,21
260,1,1,33,5,2,44,2,11,16,3,2,1,1,1,20
261,2,1,30,3,2,43,4,1,15,1,3,1,2,1,22
262,1,1,22,7,2,39,1,10,15,1,1,1,1,1,18
263,1,1,23,2,3,54,10,8,16,3,0,0,2,1,17
264,1,3,24,3,2,47,3,1,14,1,1,1,2,1,18
266,1,1,28,2,2,47,7,4,18,4,1,0,2,1,22
268,7,1,25,6,3,39,2,11,10,0,0,0,1,2,12
271,2,5,0,5,2,27,3,1,14,1,3,1,2,1,2
272,1,3,16,3,2,37,9,6,12,1,1,1,2,3,14
274,1,4,18,10,5,52,3,12,9,0,0,0,2,1,13
276,1,3,20,1,3,54,8,5,12,1,0,0,2,1,13
277,2,1,24,0,3,65,7,5,13,1,0,0,1,1,3
279,2,1,20,13,2,49,4,2,8,0,1,0,2,1,6
280,1,1,22,9,1,24,6,4,12,1,2,3,2,2,15
281,1,1,25,4,2,43,6,4,13,1,0,1,1,1,15
282,1,1,20,8,2,41,4,2,15,1,7,0,1,2,17
283,1,3,18,16,2,41,3,1,12,1,0,0,2,2,13
284,1,1,19,3,2,46,11,8,12,1,1,1,2,2,9
286,1,5,0,2,0,33,3,12,16,3,3,1,1,1,15
287,1,4,23,2,0,33,3,1,14,2,1,3,2,1,10
288,1,1,21,4,3,45,2,11,12,1,1,1,2,1,9
290,1,5,0,5,0,24,3,12,16,3,3,1,1,1,10
291,1,1,23,2,2,45,12,10,12,1,8,1,1,1,15
294,4,1,20,4,0,30,4,1,12,1,0,8,2,1,10
296,1,3,19,5,2,46,11,8,12,1,1,0,2,1,18
297,2,1,19,2,4,64,2,11,13,1,0,0,2,1,13
300,1,1,26,0,1,41,9,6,20,4,1,1,2,1,17
302,1,1,23,0,1,37,8,5,18,4,0,3,1,1,20
303,1,1,20,3,2,36,4,1,14,2,1,1,2,1,9
304,1,1,23,6,2,39,12,10,16,3,3,1,2,1,18
306,1,1,21,5,2,44,8,5,14,2,7,1,1,1,16
309,1,1,30,3,1,35,11,8,19,4,3,0,2,1,20
310,1,1,23,1,0,26,10,7,13,1,1,1,1,1,15
311,1,1,20,8,2,48,9,6,12,1,8,1,2,1,11
313,1,1,24,4,2,26,3,12,12,1,1,1,1,1,11
315,1,3,18,7,2,36,7,4,12,1,1,0,1,1,18
317,1,1,40,1,0,41,2,12,14,1,1,1,1,1,22
318,1,3,23,2,2,43,11,9,12,1,1,1,1,1,16
319,5,2,20,3,4,66,8,5,12,1,0,0,2,1,12
321,2,1,23,12,2,29,6,4,16,3,4,3,2,1,12
322,1,3,23,0,1,41,9,6,16,3,3,1,2,1,15
323,2,5,0,3,0,19,9,7,11,0,7,3,2,1,2
324,1,1,28,6,4,47,11,8,18,4,1,1,1,1,20
325,1,3,18,3,4,49,7,4,13,1,1,1,1,1,17
326,1,1,18,7,4,58,7,5,12,1,0,0,1,1,17
327,1,5,0,5,0,19,7,4,12,1,4,3,2,1,7
328,1,1,24,5,2,35,3,12,12,1,0,1,1,1,12
329,2,1,26,5,0,30,8,5,12,1,0,7,2,1,16
330,1,1,20,5,2,42,1,10,15,2,1,1,1,1,16
331,1,3,20,0,4,54,6,3,12,1,0,0,2,1,16
332,2,1,22,3,2,43,6,3,12,1,0,1,2,1,1
333,1,1,19,3,2,33,9,7,16,3,1,1,2,1,15
334,2,5,0,4,0,21,12,9,12,1,1,1,1,1,6
335,1,1,19,2,1,26,11,8,12,1,0,1,1,1,11
337,1,1,26,2,2,34,10,7,17,3,1,1,1,1,15
338,2,3,19,2,0,25,2,11,15,1,0,3,2,1,10
339,1,1,18,2,2,43,2,11,11,0,0,1,1,1,19
340,1,1,26,1,6,65,12,9,14,2,0,3,1,1,18
342,1,5,0,1,0,22,2,12,15,1,4,3,2,1,4
344,2,5,0,4,0,22,8,5,15,2,2,2,2,1,5
345,2,5,0,2,0,22,3,12,15,1,1,3,1,1,3
348,7,1,19,0,0,21,7,4,11,0,1,0,2,1,2
349,1,1,22,3,3,33,1,11,12,1,1,1,1,1,16
352,1,1,21,3,2,40,4,1,12,0,0,1,1,1,15
353,1,5,0,5,0,25,6,3,16,3,4,2,1,1,8
354,1,1,21,0,3,51,1,10,12,1,0,1,1,1,11
356,7,1,26,2,0,30,8,5,14,1,7,1,2,1,9
358,3,1,17,3,3,40,12,9,16,1,1,1,2,1,12
359,2,3,99,1,2,46,11,9,12,1,2,1,2,1,3
360,1,1,21,8,2,40,4,1,12,1,7,1,2,2,18
361,1,3,99,9,2,43,7,4,10,0,1,0,1,3,21
362,1,1,19,2,2,46,1,10,12,1,4,1,1,1,18
364,2,1,20,3,2,32,5,3,12,1,1,0,1,1,14
365,1,1,19,4,3,37,8,5,12,1,1,8,1,1,19
367,7,1,24,4,1,32,5,2,12,1,0,0,2,2,1
368,1,1,19,1,3,52,7,4,6,0,4,1,1,1,16
370,3,3,21,3,3,43,1,11,12,1,8,1,2,1,6
371,1,5,0,4,1,25,10,7,12,1,0,1,1,2,13
372,1,1,23,3,3,46,7,4,12,1,1,8,1,1,18
375,1,3,19,1,2,38,2,11,11,1,1,1,1,3,13
376,1,1,21,0,0,23,4,2,14,1,0,1,1,1,11
383,1,1,26,1,1,59,3,1,16,3,0,0,2,1,16
386,1,5,0,5,0,47,12,9,13,1,0,1,1,1,12
388,1,1,30,1,2,35,1,10,11,0,8,8,1,2,6
389,1,3,18,3,4,44,2,11,12,1,7,0,2,2,14
391,3,3,16,2,2,41,11,9,11,1,1,0,2,1,17
392,1,1,28,7,2,38,8,6,14,2,0,0,2,2,13
393,1,1,23,8,2,36,5,2,18,4,0,0,2,2,14
394,1,1,27,0,2,43,10,7,13,1,2,1,1,2,15
397,1,5,0,6,2,25,3,1,14,1,1,1,1,2,11
400,1,1,24,3,2,36,2,12,16,3,7,2,1,1,22
401,1,1,22,2,2,35,1,10,13,1,0,1,1,1,21
403,1,3,21,3,4,51,5,2,13,1,1,0,2,1,17
404,1,3,20,3,2,58,3,12,12,1,1,7,2,1,9
405,1,1,27,1,1,40,10,8,12,1,0,0,2,1,10
408,1,1,25,4,2,52,7,5,12,1,0,0,1,2,22
410,1,1,24,99,3,53,10,7,13,1,0,1,2,1,9
411,2,1,19,0,3,63,12,9,14,2,0,0,2,1,1
414,1,3,25,2,1,38,8,5,14,2,1,1,2,1,18
415,2,3,20,4,1,49,9,7,16,3,1,1,1,1,6
416,2,1,19,3,2,50,6,3,14,2,1,1,2,1,5
418,4,1,18,9,3,57,8,5,8,0,0,0,1,2,2
422,1,1,29,4,2,58,8,5,12,1,0,1,1,1,11
423,1,1,20,3,2,45,1,11,13,1,1,0,2,1,11
424,1,5,0,1,0,20,8,5,12,1,3,1,1,1,4
425,2,1,31,8,0,78,6,3,9,0,8,0,1,1,6
427,1,1,30,6,1,39,10,7,14,2,0,0,1,1,8
429,2,3,18,7,1,36,9,6,12,1,1,0,2,3,3
430,1,1,26,19,7,51,7,4,0,0,0,0,2,3,3
431,1,2,20,5,1,78,10,7,18,3,0,0,2,1,16
432,1,1,18,4,2,25,5,3,12,1,0,0,2,3,11
434,1,1,22,2,4,36,5,3,19,4,1,3,1,1,17
437,3,1,20,3,2,47,3,12,14,2,0,0,2,1,11
438,2,5,0,1,0,21,11,8,13,1,1,1,2,1,10
443,1,1,19,2,2,40,9,6,12,1,1,1,2,1,7
444,7,1,16,9,4,38,9,7,12,1,0,0,2,1,3
453,4,5,0,3,0,39,5,2,12,1,1,0,1,1,13
454,1,3,18,2,0,31,9,7,12,1,1,1,2,1,12
455,1,1,22,1,3,51,8,5,16,3,2,1,2,1,8
456,1,1,22,2,3,37,10,7,17,3,1,1,1,1,14
457,2,1,18,2,2,32,2,12,12,1,1,1,2,1,3
459,1,1,22,1,2,47,1,11,16,3,3,0,1,1,18
467,1,1,20,1,1,64,12,10,12,1,0,0,1,1,15
468,5,1,21,2,2,64,4,1,12,1,7,8,2,1,2
475,1,1,20,2,0,27,2,11,14,2,1,0,2,1,11
476,7,1,18,2,2,21,4,2,9,1,1,0,2,1,4
477,1,5,0,3,0,32,3,1,20,3,3,2,2,3,11
478,1,1,24,3,3,40,11,8,20,4,3,1,1,1,19
479,1,3,22,6,2,45,11,8,17,3,0,0,2,1,18
480,1,1,24,2,0,26,1,11,12,1,0,1,2,3,15
482,1,5,0,1,0,46,1,10,20,4,1,0,2,1,16
483,1,5,0,1,0,32,8,5,18,4,3,3,2,1,12
484,1,5,0,1,0,36,5,2,16,3,4,3,1,1,16
486,1,5,0,11,0,30,8,6,14,1,1,1,2,1,11
487,2,5,0,1,0,23,6,3,16,1,3,3,2,1,4
488,1,3,16,8,6,51,4,2,12,1,0,0,2,1,9
490,1,1,37,4,1,40,7,5,19,4,1,1,1,1,21
491,1,1,23,0,3,51,1,11,16,3,2,1,1,1,21
492,1,1,18,6,2,54,5,2,16,3,1,1,2,1,10
494,1,1,25,5,0,27,1,10,16,3,3,1,1,3,12
495,2,2,32,2,0,55,9,6,6,0,3,0,2,1,3
497,7,1,21,6,1,61,2,12,8,0,0,0,2,1,3
498,2,3,18,4,2,38,10,7,12,1,0,0,2,1,9
500,2,3,20,2,2,50,4,1,12,1,0,1,2,1,3
504,1,1,21,1,3,63,4,1,17,3,0,0,1,1,21
505,1,1,28,2,2,43,10,7,18,4,0,1,2,1,16
507,4,1,26,4,3,47,6,4,13,1,0,1,1,1,12
508,1,3,21,1,1,44,2,11,14,2,0,1,2,1,17
510,1,4,19,6,2,32,2,11,14,1,1,1,2,1,22
511,2,5,0,1,0,20,5,3,13,1,1,1,1,1,9
512,1,1,20,0,2,50,6,4,12,1,0,0,1,1,16
513,1,1,23,2,2,31,3,12,14,1,1,1,2,1,12
516,5,1,26,3,2,66,2,12,10,0,8,8,1,1,1
517,1,5,0,2,0,29,3,12,14,2,7,3,1,1,18
518,1,3,19,1,2,30,6,3,11,1,7,1,1,1,11
519,1,5,0,3,0,34,8,6,15,2,3,4,1,2,16
520,1,1,17,4,4,63,3,12,12,1,0,1,2,2,14
522,1,1,19,7,7,55,1,10,13,1,0,0,2,2,9
524,1,5,0,3,0,36,7,4,13,1,7,1,1,2,8
526,1,3,22,1,0,39,1,10,12,1,1,1,1,1,16
527,1,5,0,2,0,28,11,9,19,3,1,4,2,1,5
528,2,5,0,1,0,23,6,4,15,1,4,4,1,1,5
531,1,1,18,2,1,46,11,8,14,1,1,1,2,1,16
532,6,5,0,4,0,42,1,10,20,4,0,0,1,1,15
533,1,1,26,2,2,39,2,12,19,4,3,4,2,1,15
534,1,3,27,1,5,77,1,10,14,1,8,1,2,1,22
540,1,1,25,0,2,49,3,1,17,3,7,0,1,1,17
542,1,3,37,5,2,56,3,12,18,4,1,1,2,3,19
543,1,3,21,4,3,28,8,5,12,1,0,1,1,1,14
544,7,1,21,12,3,30,7,5,12,1,0,0,2,1,12
545,1,1,20,9,0,24,7,4,12,1,0,0,1,1,2
546,1,1,32,3,1,37,11,9,18,4,1,1,2,1,19
547,1,2,24,5,3,48,7,4,12,1,0,0,2,1,12
553,3,5,0,1,0,22,4,1,16,2,3,1,2,1,11
555,1,1,20,6,5,49,9,6,15,2,0,1,1,1,14
559,1,3,23,3,0,36,8,5,9,0,1,1,1,1,13
560,1,3,19,4,2,35,12,9,12,1,1,1,1,1,2
561,1,3,22,4,1,36,12,9,12,1,0,0,2,1,9
562,1,3,17,3,0,37,8,6,13,1,8,1,2,1,8
565,1,3,99,3,4,55,5,2,14,2,8,1,1,1,16
566,1,1,23,1,1,39,6,4,16,3,0,1,1,1,18
570,1,1,26,1,4,72,4,1,12,1,0,1,1,1,17
571,1,1,21,1,2,52,1,10,18,3,0,0,2,1,11
572,1,1,17,3,2,38,10,7,13,1,1,1,2,1,16
573,1,1,22,1,3,52,2,11,14,2,1,3,1,1,19
575,2,1,20,4,4,58,10,8,13,1,0,0,2,1,2
577,1,3,20,0,2,43,2,12,13,1,1,1,1,1,12
578,1,5,0,5,0,24,4,1,12,1,0,1,1,1,11
580,1,3,18,3,3,56,2,12,11,0,0,0,2,1,11
585,1,1,21,4,1,28,10,7,14,2,1,1,2,1,11
586,1,1,27,3,2,40,9,6,15,2,7,0,1,1,17
587,1,5,0,2,0,24,10,7,9,0,1,1,1,1,11
588,1,1,21,5,3,49,8,5,9,0,7,0,1,1,14
589,2,1,19,2,2,42,10,7,12,1,0,1,2,1,1
593,5,1,23,1,1,59,9,6,12,1,1,0,2,1,12
594,1,1,21,1,1,47,3,12,12,1,7,0,1,1,11
599,2,3,18,4,1,43,3,1,12,1,1,1,1,1,2
600,1,1,18,9,2,35,6,3,12,1,0,1,2,1,14
601,1,1,22,4,2,35,9,7,12,1,1,4,1,1,16
602,1,5,0,1,0,20,1,11,12,1,1,1,2,1,5
603,1,1,33,4,0,37,6,3,14,2,1,1,1,1,14
604,2,5,0,6,0,24,9,6,14,1,0,1,2,1,6
606,7,1,24,1,1,28,1,10,16,3,1,1,2,1,10
607,1,1,23,1,2,51,3,1,15,1,1,1,2,1,13
609,2,3,99,3,0,36,11,9,12,1,1,1,1,1,2
611,1,1,24,4,1,44,7,4,16,3,0,1,1,1,11
612,2,2,18,8,3,73,7,4,12,1,0,0,1,1,3
613,1,3,22,2,0,28,9,7,16,3,1,1,1,1,14
614,1,1,28,11,1,51,7,4,13,1,0,1,1,1,22
615,1,1,24,6,2,37,9,6,12,1,1,1,2,1,9
622,1,3,33,7,2,40,6,3,12,1,0,0,2,1,14
624,4,3,18,8,2,34,5,2,10,0,0,0,1,1,5
625,1,1,24,6,2,47,6,3,12,1,0,1,1,1,14
629,1,1,24,2,2,43,5,2,14,1,0,1,1,1,19
630,1,1,21,4,3,43,2,12,16,3,1,1,2,1,15
631,2,1,20,2,0,21,2,11,13,1,1,1,2,1,2
636,1,3,19,6,2,27,11,8,13,2,1,1,1,1,8
638,5,1,22,3,6,71,1,11,8,0,0,0,1,1,10
640,1,5,0,4,0,39,2,11,16,3,0,1,1,1,12
641,1,1,21,12,2,45,9,7,12,1,8,1,1,1,16
642,1,1,20,3,3,35,10,7,14,1,1,1,2,1,22
643,7,1,18,3,2,42,6,4,14,1,1,1,2,1,2
644,1,1,33,3,3,65,6,3,12,1,1,1,1,1,16
645,4,5,0,3,0,26,5,2,16,3,1,1,1,1,1
646,1,1,23,12,2,45,12,9,12,1,0,0,1,1,16
647,1,1,19,2,2,46,2,11,12,1,0,0,2,1,22
648,1,3,23,9,2,47,1,11,11,1,0,0,2,1,3
651,2,5,0,0,0,25,7,5,16,2,3,3,2,1,2
654,1,1,18,1,2,39,8,5,12,1,1,1,2,1,13
655,1,1,25,3,2,52,7,4,12,1,1,1,2,1,10
656,1,5,0,3,0,99,99,99,10,0,0,0,2,1,22
657,1,1,20,1,2,51,8,6,12,1,1,1,2,1,22
658,1,5,0,1,0,28,4,1,17,3,3,1,1,1,15
660,3,4,18,3,3,48,6,3,10,0,7,0,2,1,22
662,2,1,28,1,1,31,9,6,12,1,0,1,2,1,6
664,1,1,20,2,2,37,10,7,12,1,0,0,2,1,13
665,1,1,18,4,1,55,11,8,13,1,1,1,1,1,16
666,2,1,21,1,0,40,8,5,12,1,0,0,2,1,3
667,2,5,0,3,0,20,4,1,13,1,1,1,1,1,5
676,1,1,26,2,8,63,1,10,9,0,0,0,1,1,18
677,1,1,19,1,0,21,9,7,14,1,1,1,2,1,5
678,1,1,30,5,4,41,5,3,12,1,0,1,1,1,11
679,1,5,0,2,0,33,4,2,9,0,0,0,1,1,10
680,1,5,0,14,0,21,6,3,12,1,0,8,1,2,2
681,1,3,19,7,3,29,12,9,11,0,7,0,2,2,10
688,4,5,0,7,4,40,6,3,11,0,7,0,2,2,3
690,1,1,19,2,2,41,2,11,12,1,1,1,1,1,11
692,1,1,27,4,0,33,2,11,20,4,1,1,1,1,15
695,1,2,18,5,1,58,1,10,13,1,7,0,2,1,7
698,1,5,0,3,1,43,4,1,14,1,0,0,2,2,15
701,1,3,18,3,2,45,6,3,14,2,0,0,2,1,22
702,1,1,19,2,1,26,1,10,13,1,0,1,1,1,14
703,1,5,0,2,0,42,6,3,14,2,0,0,1,1,17
704,1,1,24,2,3,41,3,12,12,1,0,1,1,1,12
707,4,1,17,4,0,49,7,4,9,0,0,0,2,1,5
708,1,3,22,4,2,41,10,7,12,1,0,0,1,1,12
711,1,1,33,2,1,42,2,12,14,2,0,0,2,1,12
712,1,1,21,5,2,26,12,9,12,1,0,1,1,2,12
714,1,2,14,3,4,57,12,9,8,0,0,7,2,1,10
716,1,1,19,4,2,50,3,12,12,1,0,0,2,1,9
717,1,1,22,1,2,43,8,5,18,4,1,0,2,1,16
718,1,1,23,3,1,30,2,12,16,3,4,2,2,1,11
719,1,2,26,7,2,58,4,1,14,2,0,7,1,1,9
723,1,1,18,4,5,50,10,7,9,0,0,0,2,1,22
726,1,1,27,3,1,33,7,4,18,3,4,1,1,1,22
727,1,1,22,3,1,36,11,8,12,1,0,1,1,1,22
728,1,1,26,9,3,82,9,6,16,3,0,0,1,1,21
729,1,5,0,2,0,36,12,9,18,3,4,1,2,1,13
730,1,1,17,2,2,48,3,1,12,1,8,8,2,1,22
731,1,1,23,1,1,27,7,4,16,3,1,1,2,1,11
734,1,3,15,2,2,37,3,12,13,1,0,0,2,1,9
735,4,1,20,8,1,28,6,3,9,0,7,0,1,3,3
736,2,5,0,3,0,21,2,12,12,1,1,1,2,3,4
737,1,4,19,8,2,39,6,3,12,1,0,0,2,2,10
738,2,1,22,5,5,63,7,4,2,0,0,0,1,3,20
739,1,1,19,4,1,23,6,3,12,1,1,1,1,3,14
740,3,5,0,2,0,18,2,11,11,0,1,1,2,1,4
741,1,1,20,4,1,24,3,1,13,1,0,0,1,1,13
743,1,3,21,2,0,31,9,7,12,1,0,0,1,1,9
745,1,1,21,3,1,47,12,9,14,2,0,0,1,2,18
748,3,1,16,0,3,48,4,1,16,4,0,1,2,3,16
750,2,5,0,5,1,23,12,10,13,1,0,1,2,3,2
755,1,1,27,2,1,46,11,8,14,1,1,1,1,1,14
756,1,1,23,5,2,35,3,1,17,3,0,0,2,3,17
757,1,4,18,7,3,34,2,11,13,1,7,0,1,2,15
758,2,2,17,9,8,67,4,2,6,0,0,0,1,2,2
761,1,1,19,5,3,47,5,2,7,0,0,0,1,2,13
765,1,1,22,1,3,42,4,1,12,1,3,1,1,1,22
766,4,3,26,6,2,46,9,6,11,0,7,0,2,1,7
767,2,1,19,3,2,40,12,10,15,2,7,1,2,1,1
769,1,1,27,11,2,46,2,11,16,3,1,1,2,3,8
770,4,5,0,1,0,20,6,3,13,0,7,2,1,1,6
772,1,3,30,4,0,38,4,1,14,1,7,1,2,1,16
773,1,1,18,2,4,38,7,4,12,1,1,0,1,1,14
775,1,1,24,2,4,56,1,10,12,1,0,0,1,1,19
777,2,1,20,9,4,74,7,4,7,0,0,0,1,1,4
779,5,1,18,10,3,57,5,3,10,0,0,0,1,1,4
785,1,5,0,2,0,20,4,2,12,1,1,0,2,1,7
786,1,1,40,2,2,43,7,5,16,3,1,1,1,1,18
787,1,1,17,3,2,39,7,4,14,1,1,1,2,1,15
788,1,1,32,4,3,48,9,6,16,3,1,1,1,1,17
789,2,1,19,1,3,52,9,6,13,1,1,1,2,1,1
790,5,1,23,0,2,82,12,9,19,4,4,8,1,1,9
792,1,1,20,4,1,38,5,2,14,2,1,0,1,1,11
793,1,3,19,2,3,44,3,12,13,1,0,0,2,1,12
795,1,1,22,2,4,35,12,9,16,3,1,0,1,1,16
798,1,5,0,7,0,24,3,12,13,1,4,1,1,1,3
803,1,5,0,13,1,37,3,12,18,4,0,0,2,1,14
804,1,1,25,4,2,55,4,1,17,4,0,1,1,1,18
809,1,1,24,6,1,38,6,3,18,4,0,0,2,1,15
810,2,1,28,11,2,40,7,5,15,2,0,0,1,3,11
811,1,3,19,6,1,62,3,12,16,3,7,1,2,1,14
812,1,5,0,2,0,30,2,11,20,4,7,2,1,1,20
813,1,5,0,2,0,49,6,3,20,4,3,3,1,1,22
814,1,1,23,4,2,43,11,8,18,4,3,1,1,1,21
815,8,1,36,0,7,41,3,1,14,1,3,0,1,2,7
818,4,1,20,9,3,36,2,11,8,0,0,0,1,3,9
819,2,4,45,1,1,52,5,3,6,0,1,1,2,2,7
820,1,1,17,0,2,99,99,99,12,1,4,2,2,1,21
821,1,5,0,2,0,47,12,10,16,3,1,1,1,1,21
822,1,5,0,3,0,32,4,2,16,3,1,0,1,1,21
824,1,1,27,3,0,35,8,5,16,3,0,1,2,1,18
825,1,1,23,2,1,31,10,7,16,3,1,1,2,1,15
826,1,1,30,11,2,40,9,6,18,4,4,1,1,1,21
827,1,5,0,1,0,30,3,12,16,3,7,0,2,3,22
828,1,1,30,6,0,51,2,11,12,1,0,0,1,1,19
831,1,5,0,2,0,24,6,3,15,1,2,1,1,2,15
832,1,1,25,3,3,38,6,3,16,3,3,3,1,1,21
833,1,1,24,2,2,74,5,2,12,1,0,0,1,1,21
834,5,1,24,1,3,60,2,12,16,3,3,7,2,1,21
835,1,1,25,8,2,63,6,3,14,2,8,0,2,1,16
837,1,1,19,1,5,51,12,10,10,0,0,1,1,1,15
840,1,5,0,4,0,33,1,10,16,3,0,1,1,1,19
841,1,5,0,1,0,27,8,5,20,4,1,1,1,1,11
842,1,5,0,3,0,22,7,4,12,1,7,1,2,2,11
843,1,1,25,1,2,40,10,7,13,1,0,1,1,1,18
845,2,4,18,3,4,33,6,4,12,1,0,1,2,1,1
846,1,3,28,4,0,43,11,9,12,1,0,3,2,3,15
849,1,1,32,3,1,35,10,7,20,4,0,1,1,1,18
850,6,5,0,2,0,22,8,5,16,3,1,1,2,1,2
852,1,5,0,2,0,39,12,9,18,4,9,9,1,1,16
853,1,3,99,7,3,40,8,6,18,4,1,1,1,1,19
855,6,5,0,3,0,19,99,99,13,1,4,1,1,1,5
857,1,1,24,2,1,34,3,1,16,4,4,4,1,1,20
860,1,2,20,5,2,77,9,6,12,1,1,1,2,1,18
862,3,1,22,3,1,44,1,11,16,3,1,1,1,1,18
863,2,1,36,4,0,41,6,3,15,4,1,1,2,3,3
865,1,1,23,2,2,53,8,5,14,1,9,9,2,1,17
867,1,1,23,9,4,32,3,1,12,0,9,0,1,1,13
868,1,1,20,1,3,39,3,12,14,1,0,0,2,3,13
869,3,1,21,2,2,55,1,10,16,3,0,0,2,1,13
870,1,1,17,6,4,47,8,5,11,0,1,0,2,1,12
871,1,1,24,4,5,43,5,2,13,1,0,0,1,1,17
872,3,5,0,1,0,37,3,1,14,1,0,0,1,1,16
873,1,3,31,1,0,46,2,11,15,1,4,1,1,1,19
875,1,3,22,4,2,57,5,2,14,1,1,1,2,1,18
876,1,5,0,2,0,28,6,3,17,3,0,1,2,1,15
878,2,3,50,4,0,56,7,4,18,4,1,0,1,1,2
879,2,5,0,4,0,33,11,8,14,1,9,9,2,1,9
880,1,5,0,2,0,26,2,12,10,1,1,1,1,3,19
881,1,1,20,7,2,45,3,12,14,1,1,0,2,1,16
882,1,1,22,3,4,44,10,8,12,1,4,1,1,1,17
884,1,3,22,2,2,46,12,9,14,2,4,1,2,1,19
885,1,1,16,2,2,55,7,4,12,1,7,1,2,1,16
886,1,1,29,3,2,36,8,6,16,3,1,1,1,1,19
887,1,5,0,2,1,25,12,9,13,1,1,3,2,1,14
890,2,1,20,4,2,25,10,7,12,1,0,1,2,1,9
894,2,1,19,1,2,47,11,8,12,1,1,1,2,1,12
895,1,1,24,6,2,49,7,4,13,1,0,0,1,1,19
896,1,1,25,6,1,52,2,12,10,0,8,8,1,1,11
897,4,1,29,3,2,46,2,11,14,2,1,1,1,1,17
898,1,1,19,6,2,39,10,7,13,1,8,1,1,1,20
900,1,1,19,2,0,27,3,1,16,3,7,1,2,1,19
905,2,4,20,2,2,26,5,3,11,0,7,1,2,2,10
906,1,4,20,3,3,38,8,5,12,1,0,0,2,2,15
909,5,1,21,2,3,57,10,7,12,1,0,1,2,1,13
910,1,3,21,2,2,38,8,6,18,4,3,1,1,1,20
911,1,5,0,6,0,29,12,10,14,1,1,1,1,1,22
912,1,1,22,2,0,47,7,4,19,4,1,1,1,1,4
915,1,1,23,5,5,38,10,8,13,1,1,1,2,1,4
916,2,5,0,9,0,22,5,2,15,1,3,3,1,1,2
917,3,5,0,4,0,40,8,5,12,1,1,1,1,1,18
918,1,3,18,3,2,43,12,9,12,1,8,8,2,2,16
919,1,3,19,7,1,42,4,1,13,1,1,0,2,1,15
923,1,3,18,2,3,60,3,12,12,1,0,1,1,1,15
927,1,1,20,5,1,47,12,10,6,0,1,1,1,1,15
930,1,1,27,4,2,36,8,6,16,3,4,4,1,1,17
931,1,1,20,2,4,45,11,8,16,3,3,1,1,1,17
932,1,1,27,5,2,53,4,2,18,4,3,1,1,1,15
933,4,3,22,1,2,58,5,2,16,3,3,1,1,1,1
934,1,3,18,2,1,44,10,8,12,1,1,7,2,1,14
935,1,1,27,4,1,49,5,3,16,3,3,1,1,3,21
937,1,3,19,0,2,57,11,8,16,3,1,1,2,1,19
938,2,5,0,1,0,66,9,6,16,3,1,2,2,1,15
939,1,1,21,4,3,39,1,10,12,1,0,0,2,1,13
940,1,3,27,2,0,48,4,2,12,1,1,1,2,1,14
941,2,3,20,2,0,38,7,4,12,1,1,0,2,1,9
944,1,1,22,4,4,32,3,12,9,0,0,0,2,1,11
947,1,3,20,6,5,41,12,9,15,1,1,0,1,2,8
948,1,4,24,2,1,34,10,7,14,2,0,2,2,2,14
949,7,5,0,11,2,26,7,4,12,1,7,1,2,2,11
950,1,5,0,2,0,39,12,9,16,3,3,1,2,1,16
951,1,1,19,3,3,41,2,11,19,4,7,1,2,1,20
955,1,1,14,4,8,56,9,6,10,0,1,8,2,2,15
958,1,4,19,2,4,35,7,5,10,0,7,1,2,2,16
959,1,1,26,3,2,32,3,1,15,1,7,1,1,2,14
960,1,2,18,4,5,49,11,8,11,1,7,0,2,2,15
961,1,5,0,7,0,28,6,3,12,1,1,0,1,1,14
962,1,1,22,5,3,45,3,12,19,4,3,1,1,1,21
963,1,1,26,3,0,28,4,1,18,4,1,1,1,1,16
965,1,1,27,2,2,35,10,8,19,4,1,1,1,1,18
966,3,2,18,2,2,59,7,5,12,1,2,4,2,1,16
967,1,5,0,3,0,31,6,3,12,1,0,1,2,1,14
969,3,3,25,5,4,44,11,8,14,1,0,0,2,2,5
971,4,5,0,15,0,24,4,2,12,1,0,0,2,2,2
972,1,3,16,7,4,41,1,10,11,1,7,0,2,2,11
975,2,1,18,5,4,40,12,9,12,1,0,0,2,1,2
976,1,1,26,2,0,31,2,12,19,4,2,4,2,2,19
977,2,3,29,11,2,43,5,3,13,1,8,1,2,2,2
978,1,5,0,2,0,30,6,4,14,2,7,1,2,2,16
979,1,1,24,1,1,29,2,12,18,2,4,3,1,2,17
980,5,2,21,4,0,65,12,9,9,0,0,0,2,2,7
981,2,1,18,2,2,23,5,2,12,1,0,1,2,1,6
982,1,5,0,4,1,28,4,2,13,1,0,0,2,2,15
985,7,1,30,9,2,42,5,3,18,4,0,0,2,2,11
986,1,5,0,6,1,31,3,12,16,3,7,1,2,2,15
987,1,3,26,3,1,50,1,10,16,3,3,1,2,1,13
988,1,4,21,0,4,50,8,5,14,2,2,2,1,1,21
989,1,1,23,2,1,29,12,9,12,1,1,1,2,1,9
990,1,5,0,1,0,25,12,9,17,3,3,3,1,1,10
991,1,5,0,1,0,39,4,1,18,3,0,0,2,1,16
996,1,1,21,3,3,38,8,5,19,3,4,3,1,1,21
997,1,1,22,1,1,39,7,4,17,4,1,1,1,1,22
998,1,1,21,3,2,37,1,10,13,1,1,1,2,1,9
1001,1,1,29,2,4,65,6,4,16,3,3,2,1,1,21
1002,1,1,21,0,7,58,10,8,16,3,1,1,1,1,19
1004,1,1,23,1,2,40,3,12,18,3,1,1,2,1,11
1006,4,1,25,1,0,41,7,4,16,3,3,1,1,1,18
1007,1,1,28,5,0,30,5,2,16,3,0,1,1,1,12
1008,1,1,27,2,2,47,2,11,20,4,1,1,1,1,21
1009,1,1,21,3,1,49,8,5,14,1,1,2,2,1,21
1011,2,1,21,2,3,43,8,5,16,3,2,3,2,1,9
1012,1,1,23,4,2,35,12,9,15,2,1,1,2,1,3
1014,3,1,21,7,4,37,12,9,13,1,3,4,2,1,2
1016,1,1,21,1,2,58,3,12,14,1,7,0,1,1,21
1017,1,5,0,3,0,23,6,3,16,3,3,3,2,1,5
1018,1,1,28,1,0,30,6,4,16,3,1,1,2,1,18
1020,2,5,0,12,1,32,12,9,11,0,7,0,1,2,6
1023,1,1,19,0,6,61,7,4,12,1,0,0,2,2,8
1024,5,1,29,15,2,75,10,7,12,1,0,0,2,2,10
1025,1,1,19,6,0,41,2,12,12,1,7,0,1,2,11
1026,1,1,24,2,1,27,11,9,16,3,3,3,2,1,17
1028,2,1,23,3,2,38,8,5,13,1,4,1,2,1,2
1029,1,1,18,4,3,56,4,1,10,1,0,1,1,1,15
1030,1,5,0,2,0,25,8,6,16,3,4,1,2,1,12
1031,1,1,22,2,1,28,3,12,13,1,1,1,2,1,11
1033,1,5,0,8,0,31,7,4,12,1,8,1,1,1,9
1035,1,1,27,4,1,31,1,10,13,1,1,1,1,1,13
1036,1,1,18,2,1,26,8,5,13,1,7,1,1,1,10
1037,1,1,19,3,3,31,2,11,14,1,7,0,1,1,13
1038,1,1,21,9,2,42,4,2,14,1,1,1,1,1,15
1039,2,5,0,1,0,23,8,5,16,1,7,1,2,1,4
1042,1,5,0,1,0,24,3,12,14,1,7,1,2,2,16
1043,1,1,31,5,2,38,11,8,16,3,3,3,1,1,15
1044,1,3,26,1,4,45,11,8,13,1,8,8,1,1,18
1045,2,5,0,3,0,30,9,6,11,1,1,1,1,1,10
1046,1,1,33,3,0,38,4,1,15,2,1,1,2,1,16
1049,1,1,20,3,1,52,7,4,12,1,7,1,1,1,14
1050,1,4,19,7,5,44,8,5,12,1,7,0,2,2,10
1052,1,1,23,0,1,25,6,3,14,1,2,1,1,1,11
1054,7,1,25,2,2,26,2,11,12,1,7,3,2,1,1
1055,1,1,26,8,0,39,5,3,16,3,4,3,2,3,11
1056,1,1,27,3,0,33,11,8,14,1,7,0,2,2,22
1057,1,1,23,1,3,56,6,4,19,4,4,4,1,1,21
1058,1,1,21,1,0,46,7,4,18,4,0,1,2,1,21
1059,1,1,20,2,0,45,9,6,16,4,3,3,2,1,21
1061,1,3,22,12,1,47,11,8,15,1,1,0,1,1,16
1062,1,5,0,1,0,25,5,2,16,3,0,1,2,1,16
1065,1,1,25,1,3,45,7,4,12,1,0,1,1,1,18
1067,1,5,0,5,0,23,12,10,16,3,1,1,2,1,9
1068,1,3,20,3,4,57,3,1,14,1,0,0,2,1,15
1069,2,1,22,2,2,45,5,2,16,3,0,1,2,1,6
1070,1,3,23,3,2,38,10,7,12,1,1,1,2,1,6
1071,1,1,20,8,4,57,5,3,12,1,0,0,2,1,11
1072,2,5,0,3,0,30,11,8,14,1,3,1,1,1,5
1073,1,5,0,2,0,25,2,12,12,1,7,1,2,3,13
1075,3,5,0,5,0,42,3,12,17,3,1,1,2,1,9
1076,1,5,0,2,0,35,12,10,14,1,3,1,1,1,15
1077,1,1,21,3,1,30,6,3,12,1,1,1,2,1,12
1078,1,1,28,4,2,37,9,6,14,1,1,1,2,1,16
1081,1,1,25,9,1,40,2,12,12,1,0,1,2,1,15
1082,1,1,20,4,2,38,6,4,13,1,4,1,2,1,15
1083,1,1,20,5,2,68,11,9,12,1,8,8,1,1,18
1084,2,1,27,11,1,72,7,4,12,1,8,8,2,1,9
1085,1,1,21,3,2,35,11,8,16,3,4,3,1,1,18
1086,1,5,0,3,0,25,1,11,12,1,1,1,1,1,14
1087,1,1,24,3,0,25,9,6,11,1,0,0,2,1,14
1088,2,5,0,2,0,20,1,10,15,1,3,1,1,1,7
1089,1,2,27,7,1,55,4,1,12,1,0,8,2,1,12
1091,1,1,26,2,1,29,6,4,12,1,4,1,2,1,13
1092,3,1,18,5,2,44,9,6,9,0,0,0,1,1,14
1094,4,5,0,2,0,21,12,9,11,0,3,1,2,1,1
1095,2,1,25,4,3,34,3,12,16,3,8,1,2,1,15
1098,2,5,0,2,0,20,7,4,12,1,7,1,2,1,2
1099,1,1,36,4,0,43,3,12,12,1,1,1,1,1,12
1101,1,1,31,6,2,35,8,6,13,1,1,1,1,1,11
1103,1,1,21,3,2,36,6,3,14,1,2,1,2,1,11
1104,1,1,25,1,0,29,3,12,16,3,1,1,1,1,15
1105,2,5,0,3,0,23,6,3,16,2,1,1,2,3,10
1106,7,4,17,3,1,21,11,9,12,1,7,1,2,1,7
1107,2,1,19,2,1,28,3,12,16,2,7,0,2,1,5
1109,5,1,20,7,4,70,3,12,12,1,8,8,2,1,13
1110,2,1,21,3,2,39,2,11,12,0,8,0,2,1,3
1111,5,2,19,0,2,83,12,9,12,1,0,8,2,1,22
1112,2,5,0,2,4,31,10,7,12,1,8,0,2,3,6
1113,1,5,0,3,3,24,2,11,11,0,8,8,2,2,3
1115,2,1,20,2,2,51,9,6,14,1,0,1,2,1,1
1116,1,1,21,8,3,53,6,4,15,1,1,1,2,1,16
1118,1,3,17,2,1,37,7,5,12,1,1,0,2,1,15
1119,5,2,24,0,3,77,5,2,12,1,8,3,2,1,12
1120,1,1,22,1,3,46,2,11,12,1,1,1,2,1,15
1121,4,1,19,8,0,27,3,1,9,0,0,1,1,1,13
1123,1,3,29,2,1,39,12,9,12,1,1,8,1,1,17
1124,1,2,22,9,4,60,11,8,12,1,0,0,1,1,4
1125,1,5,0,3,1,28,10,7,12,1,1,1,1,1,18
1127,2,5,0,4,0,20,1,11,14,1,1,0,2,1,1
1129,1,1,32,4,2,58,5,2,12,1,0,0,1,1,16
1131,1,1,30,1,1,51,8,5,12,1,1,1,1,1,17
1132,1,1,18,3,3,50,5,2,16,3,0,1,2,1,18
1133,4,1,28,1,2,32,4,2,12,1,1,1,1,3,10
1135,2,3,19,5,3,48,1,11,12,1,7,2,2,1,13
1136,1,3,21,5,3,58,11,8,8,0,0,8,1,1,1
1138,1,5,0,6,0,34,9,6,12,1,8,1,2,1,15
1139,1,1,25,3,2,33,11,8,12,1,8,1,1,1,18
1141,1,1,27,3,3,42,8,6,12,1,0,0,1,1,14
1142,1,4,21,1,0,45,12,9,15,1,1,1,1,1,15
1143,1,1,22,3,2,32,11,9,12,1,0,0,2,1,13
1144,2,1,21,2,5,33,8,5,12,1,1,1,2,1,8
1146,1,1,20,8,6,29,4,2,12,1,0,1,1,1,21
1148,1,1,18,3,1,23,7,4,12,1,1,1,1,1,10
1149,6,1,16,4,2,25,3,1,13,1,1,0,2,1,9
1150,1,1,19,1,0,42,7,4,12,1,0,1,1,1,17
1152,3,4,22,8,1,36,7,5,11,0,0,0,2,1,10
1153,1,1,27,4,1,28,10,7,12,1,0,1,1,1,8
1157,2,1,27,1,2,40,4,1,17,3,3,3,2,1,3
1159,1,1,21,2,5,35,12,9,12,1,1,1,1,1,12
1164,1,3,29,1,1,45,1,10,14,2,1,1,2,1,16
1166,1,3,32,3,3,58,6,4,16,3,1,1,1,1,21
1167,1,1,26,1,3,58,1,11,16,4,4,1,1,1,21
1168,1,1,21,1,3,67,10,7,16,3,1,1,2,1,14
1171,1,5,0,5,0,44,11,9,12,1,8,1,2,2,12
1172,1,5,0,7,0,30,1,10,14,1,1,1,1,1,17
1173,1,5,0,2,0,34,6,3,16,3,4,4,2,1,15
1174,5,2,32,7,0,79,3,12,12,1,7,0,2,1,1
1175,1,3,20,2,2,45,2,12,13,1,1,1,1,1,17
1177,1,5,0,2,0,47,10,7,12,1,1,1,1,1,18
1178,2,1,18,2,4,50,4,1,12,1,1,0,2,1,8
1180,1,1,18,4,2,31,1,11,12,1,7,0,2,1,16
1182,1,1,23,4,0,25,8,5,16,3,7,1,1,1,17
1183,1,3,19,4,1,40,6,3,12,1,0,1,1,1,12
1185,1,3,18,4,0,49,11,9,12,1,1,0,2,1,15
1187,1,1,20,1,5,42,7,5,13,1,0,0,1,1,20
1188,1,1,21,2,0,42,5,2,10,0,0,0,2,1,7
1189,1,1,21,4,3,29,7,4,9,0,1,7,1,1,14
1190,2,5,0,2,0,19,7,4,11,0,2,2,1,1,2
1191,1,1,19,2,2,26,10,8,13,1,1,1,2,1,9
1192,1,3,26,2,1,60,12,9,14,2,1,1,1,2,9
1193,1,5,0,3,0,25,12,10,14,1,4,1,2,1,12
1194,1,1,38,3,0,44,8,5,17,3,4,1,1,1,17
1195,2,1,20,1,1,31,11,9,12,1,0,1,2,1,3
1197,1,1,21,8,3,38,2,12,12,1,1,1,1,1,16
1200,1,1,23,4,2,34,4,1,18,4,1,1,2,1,16
1203,2,1,20,1,2,79,2,12,12,1,0,0,2,1,22
1204,1,5,0,1,0,49,1,10,16,3,4,3,2,1,17
1205,1,1,32,3,0,33,3,12,19,4,4,1,1,1,11
1206,1,1,24,0,4,55,6,4,16,3,1,1,2,1,10
1208,1,5,0,1,0,21,11,8,12,1,1,1,1,1,10
1209,1,1,25,3,3,36,10,7,17,3,3,1,1,1,16
1211,2,1,22,3,4,59,7,4,16,3,7,0,1,1,12
1212,2,1,21,3,3,50,4,1,16,3,7,1,2,1,8
1215,1,1,21,9,3,31,2,12,12,1,7,0,1,2,14
1219,1,1,19,6,3,47,5,3,12,1,0,1,1,1,21
1220,1,3,21,2,3,38,4,1,8,0,0,0,1,1,10
1221,4,5,0,2,2,37,3,12,12,1,8,8,1,1,10
1222,1,4,99,8,2,49,12,10,7,0,0,0,1,1,12
1223,1,3,16,1,3,39,4,1,12,1,7,0,2,1,13
1226,2,1,25,2,1,28,5,2,16,3,3,1,2,1,3
1227,1,1,21,1,0,24,8,5,11,0,0,1,1,1,11
1230,1,1,21,3,2,37,1,11,12,1,1,1,1,1,14
1233,1,3,20,1,1,40,1,11,12,1,1,1,2,1,13
1234,1,5,0,1,0,26,11,8,14,2,3,3,1,1,13
1236,1,4,32,1,3,33,10,8,13,1,0,1,2,2,10
1237,1,3,19,1,4,50,9,6,12,1,1,1,2,1,16
1238,1,1,19,4,3,46,11,9,14,1,0,1,1,1,15
1239,1,1,19,4,4,60,9,6,13,2,0,0,1,1,15
1240,1,5,0,2,0,29,12,9,16,3,3,1,2,1,15
1241,2,1,19,2,1,22,4,1,12,1,0,0,2,1,8
1243,1,4,26,1,2,28,1,10,17,1,7,1,1,2,15
1244,1,5,0,2,0,29,1,10,16,3,1,3,1,1,16
1245,1,1,18,1,3,46,9,6,14,2,0,7,2,1,11
1246,4,1,16,1,2,25,3,1,13,1,0,0,1,1,9
1247,1,3,22,0,2,47,11,8,16,3,0,0,2,1,14
1250,1,1,18,0,2,36,9,6,8,0,0,0,1,1,10
1251,5,2,23,9,4,77,1,10,11,1,0,0,1,1,13
1252,1,1,23,3,2,37,12,9,10,1,0,1,1,1,14
1253,1,5,0,2,0,25,1,11,13,1,0,1,2,2,14
1255,1,1,21,1,1,40,12,9,18,4,4,1,1,1,19
1256,1,3,17,2,2,33,6,3,13,1,1,3,2,1,12
1257,1,1,21,1,2,39,7,4,12,1,0,1,2,1,17
1258,1,1,28,5,1,33,2,12,14,1,1,0,2,3,10
1259,1,1,24,4,1,26,4,1,12,1,2,2,1,1,14
1260,1,4,25,2,1,28,4,1,12,1,7,1,2,1,13
1262,1,1,27,2,2,33,4,1,16,3,4,1,1,1,15
1263,1,5,0,4,0,35,1,11,17,4,4,3,1,1,15
1266,1,1,19,3,3,49,7,5,15,1,1,0,2,1,22
1269,2,1,27,3,0,28,8,5,18,1,7,1,1,1,1
1270,5,2,25,6,1,71,10,8,6,0,0,0,2,2,2
1273,1,5,0,4,0,35,6,3,9,1,0,0,1,2,15
1274,1,1,22,2,1,46,2,11,14,2,1,1,1,1,22
1275,4,2,28,2,1,58,3,12,18,3,1,1,1,1,10
1278,1,1,19,4,2,42,11,9,11,0,1,1,1,1,6
1281,7,4,16,2,1,38,2,12,10,0,0,1,2,1,7
1282,3,1,17,3,3,48,3,12,11,1,0,0,2,1,10
1283,7,1,24,2,2,34,9,6,12,1,3,1,2,1,4
1286,1,1,21,3,1,23,4,1,14,1,3,3,1,2,13
1288,1,1,22,2,2,37,4,2,13,1,4,2,1,2,12
1289,1,3,26,1,1,34,7,5,14,1,0,1,1,1,16
1290,1,5,0,2,0,26,3,12,14,1,1,1,1,1,13
1291,2,3,29,4,2,58,12,9,13,1,7,4,1,1,11
1295,1,3,25,1,0,31,3,12,20,4,1,1,1,1,21
1299,1,1,18,2,3,53,8,5,18,4,1,1,2,1,18
1301,2,5,0,2,1,26,5,3,12,1,7,0,1,1,13
1302,1,1,22,1,0,25,4,1,12,1,1,0,1,1,12
1303,1,1,17,2,2,37,1,11,13,1,7,1,2,1,13
1305,1,1,21,0,2,58,3,1,14,1,1,1,1,1,11
1306,1,5,0,1,0,25,10,7,16,3,1,2,2,1,11
1309,1,1,23,2,2,33,1,10,10,0,0,0,1,1,14
1310,6,5,0,3,0,24,3,12,15,1,4,1,1,1,14
1313,1,1,18,3,2,41,6,3,15,1,1,0,2,1,19
1315,1,1,19,3,1,30,9,6,12,1,1,0,1,1,10
1319,2,1,29,5,0,39,11,8,12,1,0,0,2,1,1
1323,5,1,22,9,5,66,11,8,13,1,0,0,1,1,3
1325,1,3,20,4,2,59,1,11,12,1,1,1,1,1,13
1327,1,5,0,3,0,33,6,3,14,1,3,1,1,1,13
1329,4,1,27,3,2,52,10,7,12,1,7,1,1,1,15
1330,2,1,20,1,0,21,7,4,15,1,1,1,2,1,6
1331,1,3,17,1,3,46,7,4,20,4,1,1,2,1,19
1332,1,1,20,2,0,25,7,5,17,1,1,1,1,1,13
1333,1,1,25,5,2,36,5,3,16,3,1,1,1,1,20
1335,1,3,25,1,1,47,11,8,12,1,0,1,1,1,13
1336,1,3,25,1,0,28,2,11,10,0,1,1,1,1,9
1337,1,3,16,1,1,28,10,7,12,1,1,2,2,1,6
1338,1,3,20,2,0,40,3,12,12,1,7,1,2,1,12
1340,7,3,24,3,2,28,11,9,10,1,3,1,2,1,5
1347,1,5,0,8,0,35,8,5,15,1,7,1,1,1,4
1348,1,1,41,2,0,63,5,2,16,3,0,0,2,1,16
1349,1,5,0,3,0,49,7,4,14,1,3,1,2,1,11
1350,1,5,0,3,0,35,2,11,14,2,1,2,1,1,13
1351,6,5,0,2,0,33,6,4,16,1,1,7,2,1,7
1353,1,5,0,2,0,32,6,3,16,1,1,1,1,1,8
1354,1,3,20,0,0,42,8,5,19,4,1,1,2,1,13
1355,1,3,27,2,2,40,8,5,15,1,1,1,1,2,22
1357,1,4,18,7,1,38,12,10,13,1,7,0,1,2,10
1358,4,1,19,5,1,36,4,1,8,0,0,0,1,1,2
1359,1,5,0,1,1,23,3,1,13,1,1,2,2,1,5
1360,1,5,0,1,0,30,1,10,12,1,1,1,1,1,9
1361,1,5,0,3,0,29,2,11,12,1,1,1,2,1,12
1362,1,5,0,3,0,37,12,9,13,1,0,0,2,1,10
1363,1,1,18,5,2,40,11,9,12,1,0,1,1,1,12
1364,7,1,19,2,3,52,11,8,14,1,0,1,2,1,12
1366,1,1,26,3,0,29,2,12,12,1,0,0,2,1,14
1367,1,1,28,1,3,59,5,2,12,1,0,1,1,1,13
1369,1,1,23,3,1,35,8,5,18,3,3,2,2,1,17
1370,4,1,25,8,2,32,7,4,9,1,0,2,2,1,2
1371,2,5,0,1,0,23,2,12,16,1,1,1,1,1,8
1372,1,1,20,1,2,50,4,1,18,4,9,9,2,3,14
1373,1,1,21,4,2,43,6,4,16,3,2,7,1,1,16
1374,1,1,22,2,2,39,3,1,13,1,1,1,2,1,9
1375,2,4,24,3,1,50,11,9,13,1,1,1,2,1,8
1377,1,5,0,5,0,43,10,7,18,3,7,1,2,1,10
1378,1,5,0,1,0,34,3,12,18,3,7,4,1,1,15
1379,1,1,16,8,6,57,1,11,11,1,7,0,2,1,9
1381,1,5,0,2,0,48,10,7,14,1,3,1,1,1,22
1382,3,3,19,3,2,48,3,12,14,1,3,1,2,1,22
1383,1,5,0,3,0,28,11,8,16,3,7,1,1,1,11
1384,1,3,25,6,0,42,11,8,18,4,1,1,2,3,19
1386,2,1,20,3,2,32,12,9,12,1,1,1,2,1,13
1388,6,1,19,1,1,24,9,7,14,2,1,1,2,1,8
1389,1,1,23,0,3,57,11,8,20,3,1,2,1,1,21
1390,1,3,20,5,2,55,3,12,12,1,8,8,1,1,10
1391,1,1,32,2,0,35,7,4,12,1,3,1,2,1,12
1393,1,1,21,1,2,34,10,7,12,1,3,0,1,1,15
1394,2,1,22,2,2,28,10,7,13,1,3,1,2,1,6
1395,1,5,0,2,0,21,8,5,13,0,0,1,1,1,15
1397,1,3,25,9,2,32,1,11,17,3,0,1,2,1,9
1398,8,3,22,5,3,58,1,10,12,1,0,0,2,1,3
1399,1,5,0,1,0,28,6,4,13,1,3,1,1,1,16
1403,3,1,26,1,2,40,3,12,12,1,1,1,1,1,10
1405,1,1,20,6,2,42,8,5,14,1,0,0,2,1,19
1406,2,1,20,2,2,36,2,12,12,1,0,1,2,1,2
1410,1,1,25,0,1,57,11,9,17,3,0,3,1,1,20
1411,1,1,19,1,3,53,12,9,14,2,0,1,1,1,20
1412,2,1,26,2,4,66,7,4,12,0,0,0,2,1,9
1413,1,1,29,2,2,42,4,1,16,3,7,1,1,1,19
1414,1,1,18,2,2,60,12,9,13,1,7,0,1,1,18
1416,1,3,26,0,1,48,1,10,16,3,1,1,2,1,15
1418,1,1,38,7,0,41,8,5,16,3,3,3,1,1,9
1421,1,1,31,3,1,34,9,7,14,2,4,1,1,1,14
1423,1,1,25,2,1,30,10,7,17,4,4,1,1,1,15
1424,1,5,0,1,0,22,7,4,12,1,0,1,2,1,1
1425,8,1,27,2,0,40,10,7,14,1,7,1,2,1,11
1427,1,1,18,4,4,36,11,9,13,1,0,0,2,1,10
1428,8,5,0,5,0,19,8,5,11,0,1,1,2,1,1
1430,1,5,0,2,0,38,4,1,12,1,0,1,1,1,16
1431,1,5,0,2,0,29,12,9,12,1,0,1,2,1,14
1432,1,1,24,1,2,43,6,4,16,3,0,0,1,1,14
1433,2,1,17,13,3,28,8,5,15,1,0,7,2,1,6
1440,2,2,23,7,0,43,8,5,8,0,8,8,1,1,1
1443,1,3,19,3,2,36,7,4,9,0,0,0,1,1,11
1444,1,3,17,6,2,46,1,10,12,1,7,0,2,1,16
1445,1,1,29,2,2,36,8,5,10,1,7,1,1,1,16
1447,1,3,20,3,2,46,2,11,13,1,1,1,2,1,10
1449,1,1,22,2,3,50,7,4,13,1,1,1,1,1,19
1453,1,5,0,2,0,24,9,6,16,2,1,1,1,1,11
1454,2,5,0,2,0,26,9,6,17,3,4,3,1,1,4
1455,1,5,0,2,0,24,11,8,16,3,1,1,2,1,13
1457,2,1,21,5,3,42,6,3,15,2,1,0,2,3,5
1462,1,3,18,4,3,29,1,10,12,1,1,1,2,1,12
1463,1,3,29,2,1,37,9,6,15,1,1,3,2,1,10
1465,1,1,29,5,3,37,12,9,17,3,7,3,2,1,3
1466,2,5,0,2,0,26,1,10,19,3,3,3,2,1,10
1467,1,3,31,2,3,46,9,7,12,1,1,1,1,1,14
1474,1,5,0,3,1,29,3,12,12,1,8,1,1,1,8
1476,1,3,21,5,3,39,3,12,16,3,1,0,1,1,16
1480,1,1,27,7,0,31,10,8,15,1,0,7,1,1,16
1481,1,3,20,5,2,31,4,2,13,1,0,3,2,1,9
1482,1,1,20,1,2,55,6,3,16,3,7,1,1,1,18
1483,1,3,24,3,1,28,5,3,12,1,1,1,1,1,12
1485,2,5,0,2,0,22,2,11,12,1,4,1,1,1,9
1486,1,3,23,3,0,30,8,5,14,2,1,1,2,1,12
1488,6,5,0,2,0,25,3,12,15,2,1,1,1,1,5
1489,2,5,0,1,0,19,4,1,12,1,1,1,1,1,4
1490,1,2,19,0,3,62,9,6,18,4,4,3,2,1,18
1491,1,1,29,8,3,47,1,10,12,1,0,0,1,1,16
1492,1,2,23,9,5,51,8,5,12,1,0,0,2,2,7
1497,7,3,15,3,4,50,5,3,10,1,0,0,2,1,5
1498,1,1,18,4,2,35,10,7,12,1,1,0,2,1,3
1501,1,1,30,3,0,40,6,3,12,1,0,0,2,1,7
1502,1,3,19,10,3,38,8,5,10,0,0,0,1,1,12
1504,1,3,21,1,0,47,4,1,14,1,1,1,2,1,17
1505,1,5,0,3,0,36,7,5,18,4,3,1,2,1,17
1506,5,2,18,7,1,65,2,11,8,0,0,8,2,1,2
1508,1,1,21,8,4,54,2,11,11,0,0,0,1,1,16
1509,1,1,21,3,0,62,3,12,8,0,0,0,1,1,10
1510,1,1,17,2,3,62,7,4,7,0,7,0,1,1,12
1511,1,5,0,4,1,20,3,1,12,1,0,7,1,2,8
1512,2,3,18,3,3,63,8,5,13,1,8,8,2,1,9
1513,2,1,22,1,2,64,8,5,8,0,7,0,1,1,2
1515,1,1,32,7,1,33,5,3,9,1,1,1,1,1,9
1518,2,1,24,3,0,70,2,11,8,0,0,8,1,1,3
1519,1,1,24,2,0,39,2,12,12,1,0,0,1,1,10
1520,4,5,0,1,0,20,7,4,12,1,1,1,2,1,2
1521,2,4,31,3,2,37,1,10,12,1,8,0,2,1,1
1524,2,1,16,3,5,66,12,9,7,0,0,0,2,1,6
1527,1,1,29,3,0,54,12,10,16,3,0,1,2,1,18
1528,4,5,0,7,0,30,5,2,11,0,7,0,1,2,5
1529,1,1,19,2,2,49,9,6,12,1,7,1,1,1,16
1530,1,1,24,6,2,44,1,10,18,4,0,0,1,2,18
1531,1,3,19,7,5,51,12,10,6,0,0,0,1,2,9
1535,5,1,21,8,4,60,12,9,12,1,0,0,1,1,11
1538,8,1,29,4,0,52,8,5,8,0,0,7,1,2,4
1539,1,1,24,4,2,41,12,9,12,1,0,0,1,2,19
1541,1,3,19,0,0,30,7,4,12,1,1,1,2,1,14
1542,1,1,22,2,1,31,8,5,14,2,3,2,2,1,11
1543,1,1,21,4,3,61,3,1,12,1,7,0,1,1,19
1544,1,1,19,6,1,42,4,2,12,1,0,0,2,1,10
1546,1,5,0,1,0,23,7,4,16,3,2,3,2,1,6
1547,2,5,0,2,0,23,8,5,15,2,1,1,1,1,8
1548,1,1,25,3,1,37,7,4,16,3,7,1,1,1,18
1550,2,1,21,2,5,40,11,8,16,2,0,1,2,1,12
1552,1,5,0,7,0,75,8,6,8,0,0,0,1,1,5
1555,1,1,21,4,0,26,10,7,17,3,1,0,2,1,10
1556,7,3,17,3,2,33,4,1,12,1,1,0,2,1,6
1558,4,5,0,1,4,29,9,6,13,1,1,1,1,2,8
1560,1,3,19,13,0,44,1,10,12,1,7,0,2,1,9
1563,1,1,20,2,1,26,2,12,12,1,1,8,1,1,12
1568,1,5,0,3,0,50,3,12,12,1,0,0,1,1,15
1572,1,1,19,4,2,47,12,9,12,1,0,1,2,1,14
1573,1,1,21,4,3,58,2,12,18,4,0,0,1,1,18
1575,2,1,18,1,2,29,8,5,13,1,1,1,2,1,4
1581,1,3,26,4,0,25,6,4,17,2,1,1,2,1,13
1585,1,1,32,3,0,33,6,4,17,3,3,4,1,1,14
1586,1,3,18,3,1,41,6,4,14,1,1,1,2,1,17
1591,7,1,17,7,4,46,11,8,14,1,0,1,2,1,4
1594,7,1,99,9,3,23,6,3,10,0,1,1,2,1,1
1596,1,1,19,10,3,38,3,12,15,2,0,1,2,1,13
1598,1,1,22,1,0,48,4,1,12,1,1,0,2,1,15
1600,1,3,21,1,2,47,3,1,12,1,1,0,2,1,15
1601,1,1,22,1,0,28,11,8,17,4,1,1,1,1,18
1602,3,1,24,2,1,28,8,5,16,3,3,1,1,2,16
1603,1,5,0,5,0,53,1,10,20,4,1,1,1,1,18
1604,1,1,25,3,3,35,10,7,17,3,1,3,1,1,18
1605,3,1,22,3,0,25,8,5,16,3,1,1,1,1,14
