GEO_NAME,areatype,pop_size,division,region,commute,hh_chil,edu_hs,edu_coll,income,income2,no_car,female,age,senior,white,black,indian,asian,hawaiian,other,hispanic
"Aberdeen, WA  Micro Area",1,71797,1,1,23.9,25.1,84.4,12.5,36345,36.345,7.2,49.7,40.4,15.3,91.3,1.4,6.6,2,.3,1.6,7.9
"Abilene, TX  Metro Area",2,160266,7,4,16.8,29.9,84.1,20.7,42931,42.931,6.4,50.8,33.2,13.3,82.2,7.6,1.3,1.9,-999999999,9,20.7
"Adrian, MI  Micro Area",1,99837,4,2,25.7,28.8,86.9,17.2,45640,45.64,5.1,50.1,40.1,14.2,94.5,2.8,1.3,.8,-999999999,2.3,7.6
"Aguadilla-Isabela-San Sebastián, PR  Metro Area",2,342495,10,5,24.1, , , ,13470,13.47,19.4,50.2,36.7,14.1,90.1,5.5,-999999999,-999999999,-999999999,6,97.6
"Akron, OH  Metro Area",2,699935,4,2,23.2,27,89.9,27.4,47482,47.482,8.3,51.8,39.3,13.9,85.5,12.7,.5,2.1,-999999999,.5,1.3
"Albany-Lebanon, OR  Micro Area",1,116584,1,1,21.6,31,88.7,15.7,47669,47.669,3.8,50.7,39.8,15.6,94,.7,2.1,1.5,.9,3.1,6.5
"Albany-Schenectady-Troy, NY  Metro Area",2,857592,5,3,22,26.5,90.4,33.2,57677,57.677,9.2,51,39.5,14,88.3,8.1,1,3.5,-999999999,1.4,3.5
"Albany, GA  Metro Area",2,164238,9,4,20.5,26.1,77.4,17.6,36218,36.218,7.6,52.4,34.4,12,44.8,53.9,.8,1.3,-999999999,.6,1.5
"Albertville, AL  Micro Area",1,90399,8,4,23,30.2,72.2,13.9,37284,37.284,4.6,50.3,37.3,14.5,96.4,2.7,1.9,.8,-999999999,1.3,12.2
"Albuquerque, NM  Metro Area",2,856216,2,1,23.3,31.1,86.4,29.4,46824,46.824,5.3,50.8,35.4,12.2,72.2,3.6,7.3,2.5,.2,17.6,45.5
"Alexandria, LA  Metro Area",2,154101,7,4,21.4,30.2,82.6,18.9,39530,39.53,6.7,51.5,37.7,13.4,69.3,29.7,1.1,1.2,-999999999,.7,2.4
"Allegan, MI  Micro Area",1,113449,4,2,24.7,34.5,90.3,19.6,50316,50.316,3.4,50.2,38.2,12.9,93.9,1.7,1,1,-999999999,4.1,6.7
"Allentown-Bethlehem-Easton, PA-NJ  Metro Area",2,816012,5,3,26.7,29.8,86.7,25.9,56802,56.802,7.3,51.2,40.2,15.1,88.2,5.6,.5,2.8,-999999999,4.7,11.9
"Altoona, PA  Metro Area",2,126122,5,3,19,25.2,92,19,38455,38.455,8.9,52,42.1,17.9,97.3,2,.4,.7,-999999999,.2,.8
"Amarillo, TX  Metro Area",2,245712,7,4,17.8,32.6,82.5,22,43373,43.373,5.3,50.5,33.2,11.3,87,7,1.7,2.5,-999999999,4.7,24.9
"Ames, IA  Metro Area",2,87214,3,2,17.5,21.6,96.3,45,45516,45.516,6.4,48.5,25,10.3,91.8,3,-999999999,6.2,-999999999,.3,2.2
"Anchorage, AK  Metro Area",2,374553,10,5,20.5,35,92.3,29.6,72712,72.712,5.1,49.3,32.5,7.4,79.8,6.6,10.5,7.5,1.4,2.5,7.4
"Anderson, IN  Metro Area",2,131417,4,2,24,27,86.6,16,41741,41.741,6.7,49.8,39.3,15.9,91.8,7.8,2,.7,-999999999,1.3,2.6
"Anderson, SC  Metro Area",2,184901,9,4,22.7,28.3,82.3,19.8,41246,41.246,5.8,51.5,39.3,14.9,82.1,17.1,.5,1,-999999999,.9,2.3
"Ann Arbor, MI  Metro Area",2,347563,4,2,23.7,28.4,93.9,49.5,54603,54.603,7,50.4,33,9.6,79.9,13.6,1.2,8.6,-999999999,.7,3.5
"Anniston-Oxford, AL  Metro Area",2,114081,8,4,21.1,24.8,77.8,17,36527,36.527,7.9,52.3,38.6,15.1,77.4,20.6,.9,.7,-999999999,1.9,2.6
"Appleton, WI  Metro Area",2,221894,4,2,19.6,32.8,92.4,24.7,55669,55.669,5.4,49.8,37.6,11.9,94.4,1.3,1.7,2.9,-999999999,.6,2.8
"Asheville, NC  Metro Area",2,412671,9,4,20.8,24.4,86.5,28,41078,41.078,5.8,52.1,42.3,18.1,91.6,5.6,1.1,1.2,-999999999,2.7,5.3
"Ashtabula, OH  Micro Area",1,100767,4,2,24.6,26.6,84.4,11.2,39610,39.61,6.6,49.9,41,15.1,96.1,4.1,.6,-999999999,-999999999,-999999999,3.5
"Athens-Clarke County, GA  Metro Area",2,192222,9,4,20.1,29.4,82.3,34.1,38994,38.994,5.7,51.7,28.7,9.6,77.5,19.4,.9,2.5,-999999999,1.3,7.1
"Athens, TX  Micro Area",1,78921,5,3,31.8,26.2,76.9,14.8,42289,42.289,3.6,51.5,42.4,18.5,90.5,7.2,1.3,-999999999,-999999999,1.9,10.3
"Atlanta-Sandy Springs-Marietta, GA  Metro Area",2,5476664,9,4,30.1,34.2,86.9,34.1,55464,55.464,6.1,50.7,34.4,8.5,59.3,32.6,.7,4.7,.1,4.5,10
"Atlantic City-Hammonton, NJ  Metro Area",2,271712,5,3,24.2,28.8,85.1,23.1,52864,52.864,12.8,51.4,39.9,13.9,70.2,18.4,1.3,7.3,-999999999,6.4,15.3
"Auburn-Opelika, AL  Metro Area",2,135883,8,4,18.9,23,85,30.6,36925,36.925,4.9,50.2,27.1,8.7,73.9,24.3,.9,2.4,-999999999,.6,2.2
"Auburn, NY  Micro Area",1,79526,5,3,20.8,29.3,84,19.5,49543,49.543,8.9,49.9,40.8,15.1,93.8,5.2,.7,-999999999,-999999999,1.3,3
"Augusta-Richmond County, GA-SC  Metro Area",2,539652,9,4,23,31.7,84.4,22.8,42146,42.146,6.9,51.9,36.1,12.6,61.4,36,1,2.1,.1,1.4,3.2
"Augusta-Waterville, ME  Micro Area",1,121090,6,3,23.4,26,92.3,25.7,45007,45.007,8.3,51.3,42.6,15.4,98,.9,1.2,1.2,-999999999,-999999999,1.2
"Austin-Round Rock, TX  Metro Area",2,1705075,7,4,24.9,32.4,86.6,38.7,56218,56.218,4.5,49.2,32.5,7.9,75.7,8.2,1.2,5,0,12.2,30.7
"Bakersfield, CA  Metro Area",2,807407,1,1,23.6,40.7,71.5,13.8,47368,47.368,7.9,48.1,30.3,9,72.2,6.6,2.3,4.5,.2,18.1,47.9
"Baltimore-Towson, MD  Metro Area",2,2690886,9,4,29.7,29.5,88.1,34.7,65392,65.392,11.6,51.8,37.8,12.5,65.5,29.6,1,4.5,.1,1.6,3.7
"Bangor, ME  Metro Area",2,149419,6,3,22.4,27.7,90.1,24.4,39906,39.906,7.5,51.4,39,14.5,96.8,1.1,1.3,1.3,-999999999,.5,1.1
"Barnstable Town, MA  Metro Area",2,221151,6,3,24.9,20.9,94.5,39.6,57947,57.947,4.7,52.6,49.4,24.6,95.7,3.1,1,1.3,-999999999,1.5,1.9
"Baton Rouge, LA  Metro Area",2,786947,7,4,26,31.9,85.4,26.2,47814,47.814,7,50.9,33.4,10.6,62.4,35.9,.5,1.8,0,.7,2.9
"Battle Creek, MI  Metro Area",2,135616,4,2,18.4,28.4,87.9,19.6,38507,38.507,7,50.9,39.4,14.9,86.9,12,1.5,2,-999999999,.5,4.2
"Bay City, MI  Metro Area",2,107434,4,2,20.6,27.2,87.8,17.2,44029,44.029,7.5,51.2,41.1,16,96.8,2.1,1.3,.8,-999999999,2.1,4.4
"Beaumont-Port Arthur, TX  Metro Area",2,378477,7,4,20.1,32.7,83.1,16.4,43852,43.852,7.6,49.8,36.4,13,66.9,25.8,.7,2.4,-999999999,5.4,11.8
"Beaver Dam, WI  Micro Area",1,87335,4,2,22.1,30.5,86.6,14.6,49883,49.883,6,47.6,40.5,14,95.8,3.5,.8,.6,-999999999,.3,3.7
"Beckley, WV  Micro Area",1,79187,9,4,23.6,26,76.6,12.3,35170,35.17,12.5,50.2,40.3,15.5,90,8.8,1.2,.9,-999999999,-999999999,.6
"Bellingham, WA  Metro Area",2,200434,1,1,20.2,23.3,90.5,31.3,46490,46.49,7.3,50.7,36.1,12.9,90.7,1.5,3.4,4.9,.6,3.1,7.2
"Bend, OR  Metro Area",2,158629,1,1,17.7,28,93,28.8,52233,52.233,3.5,50.6,39.8,14.5,95.3,.8,1.9,1.6,.4,2.3,6.7
"Billings, MT  Metro Area",2,153854,2,1,18,26.4,90.7,27.6,46372,46.372,4.6,51.1,38.5,14.1,92,1.7,4.7,1.3,-999999999,3.5,5.3
"Binghamton, NY  Metro Area",2,244694,5,3,19.7,27.3,89.9,25.9,44279,44.279,10.6,51.5,40.9,16.3,92.7,4.6,.7,3.2,-999999999,.7,2.5
"Birmingham-Hoover, AL  Metro Area",2,1131070,8,4,26.2,29.6,85.7,27.3,44868,44.868,6.3,51.7,37.3,13,69,28.4,.6,1.3,-999999999,1.7,3.7
"Bismarck, ND  Metro Area",2,106286,3,2,18.6,30.4,91.9,29.3,55748,55.748,4.3,50.9,37.4,13.7,95.5,.8,4.9,.6,-999999999,-999999999,1.5
"Blacksburg-Christiansburg-Radford, VA  Metro Area",2,161615,9,4,20.1,22.5,85.3,28,40623,40.623,7,49.1,28.5,10.8,90.9,5.5,.8,3.9,-999999999,1,2
"Bloomington-Normal, IL  Metro Area",2,167699,4,2,18.4,29.3,93.5,43.5,56027,56.027,6.5,51.5,30.3,10.5,89.2,8.4,.6,3.6,-999999999,.9,3.7
"Bloomington, IN  Metro Area",2,185398,4,2,23,23.2,88.6,30.6,37365,37.365,6,50.8,31.1,11.6,93.2,2.8,.5,3.7,-999999999,1.1,2.1
"Bloomsburg-Berwick, PA  Micro Area",1,86381,5,3,20,26.4,87.2,21.4,43011,43.011,5.4,52,39.3,15.7,96,3.4,1.5,.7,-999999999,.7,3.1
"Bluefield, WV-VA  Micro Area",1,106828,9,4,24.2,26.4,80,15,33398,33.398,9.3,51.7,41.9,17.3,94.5,5.8,-999999999,-999999999,-999999999,.2,.6
"Boise City-Nampa, ID  Metro Area",2,600973,4,2,20.8,35.5,89.7,27.8,48284,48.284,4.4,49.7,33.6,10.4,95,1.6,1.7,2.6,.4,1.9,11.8
"Boston-Cambridge-Quincy, MA-NH  Metro Area",2,4588680,6,3,28.4,28.4,90.6,42.2,69334,69.334,12.7,51.3,38.4,12.9,82.8,8.3,.5,6.6,.1,4.2,8.3
"Boulder, CO  Metro Area",2,303482,2,1,22.3,28,93.8,57.9,63431,63.431,4.7,49.3,35.2,9,89.8,2,.9,4.7,-999999999,5.5,13.5
"Bowling Green, KY  Metro Area",2,121919,8,4,20.8,29,83.9,27.1,41097,41.097,5.5,50.2,33.6,11.6,89.1,9.2,.6,1.4,-999999999,.7,3.9
"Bozeman, MT  Micro Area",1,90343,2,1,16.7,23.6,96.1,45.2,45607,45.607,4,48.6,29.3,8.6,96.2,-999999999,2.3,1.6,-999999999,1.3,2.7
"Bradenton-Sarasota-Venice, FL  Metro Area",2,688126,9,4,22.6,19.6,89.7,27.7,45377,45.377,5.3,51.5,48.1,26.8,89.6,7.1,.7,1.8,-999999999,2.2,10.4
"Brainerd, MN  Micro Area",1,91257,3,2,20.4,25.5,90.9,22.3,41550,41.55,4.8,50.4,44.2,18.9,95,.7,4.8,.9,-999999999,.2,.9
"Branson, MO  Micro Area",1,79447,3,2,23,24.1,83.7,19.2,39956,39.956,5.3,51.3,42.4,20.2,96.8,-999999999,3.5,.7,-999999999,2,3.9
"Bremerton-Silverdale, WA  Metro Area",2,240862,1,1,30.8,30.7,93.2,28.1,60882,60.882,4.6,49.4,39.9,13.1,90.1,3.9,3.2,6.6,1,1.8,5
"Bridgeport-Stamford-Norwalk, CT  Metro Area",2,901208,6,3,27.3,33.9,88.7,43.6,79063,79.063,7.9,51.1,39.3,13.2,78.4,11,.4,4.8,0,6.9,15.9
"Brownsville-Harlingen, TX  Metro Area",2,396371,7,4,20.5,43.3,63,14.6,30864,30.864,9.4,51.8,29.2,11,90.8,.9,.5,.6,-999999999,8.4,86.6
"Brunswick, GA  Metro Area",2,103974,9,4,23,27.7,85.5,21.6,42226,42.226,5.3,51.4,38.7,15.5,73.9,24,-999999999,.9,-999999999,1.9,4.1
"Buffalo-Niagara Falls, NY  Metro Area",2,1123804,5,3,21.1,26.8,88.8,28.2,45811,45.811,13.4,51.7,40.5,15.8,84.1,13,1.2,2.1,-999999999,1.2,3.6
"Burlington-South Burlington, VT  Metro Area",2,207688,6,3,22.3,31.8,91.8,38.2,58219,58.219,6.5,51.1,37.4,10.8,95.9,1.9,1.4,2.3,-999999999,.5,1.7
"Burlington, NC  Metro Area",2,150358,9,4,21.7,29.9,84.1,23,42739,42.739,4.9,51.9,37.7,13.9,71.8,19.3,.6,1.4,-999999999,9.2,11.5
"Canton-Massillon, OH  Metro Area",2,407897,4,2,21.3,27.8,86.1,19.9,44024,44.024,7,51.5,40.8,15.9,91.4,8.1,.9,.9,-999999999,.5,1.2
"Cape Coral-Fort Myers, FL  Metro Area",2,586908,9,4,25.8,23.2,87.2,24.5,45353,45.353,4.3,50.4,44.6,22.7,86.5,8.3,1,1.7,-999999999,4.2,17.4
"Cape Girardeau-Jackson, MO-IL  Metro Area",2,94191,3,2,20.4,28.4,85.1,23.1,41754,41.754,7.2,52,38.4,14.8,91.2,8,1,1.4,-999999999,.3,1.3
"Carson City, NV  Metro Area",2,55176,2,1,17.8,24.4,88.2,22.9,57719,57.719,6.9,49,40.1,16.7,84.2,-999999999,2.9,4.8,-999999999,9.5,21.2
"Casper, WY  Metro Area",2,74508,2,1,17.4,26.9,92,25,56197,56.197,3.4,50,36.1,12.5,97.2,2.4,1.5,1.2,-999999999,.7,6.4
"Cedar Rapids, IA  Metro Area",2,256324,3,2,18.7,31.9,93.2,29.4,53324,53.324,4.9,50.9,37.3,13.2,93,4.2,1.3,2.2,-999999999,1.8,2.1
"Centralia, WA  Micro Area",1,74741,1,1,25.2,30.6,84.4,13,42523,42.523,4.4,49.6,40.7,16.6,95.4,1.1,3.1,.6,-999999999,3.3,8.2
"Chambersburg, PA  Micro Area",1,144994,5,3,23.6,27.9,81.6,19.3,46929,46.929,5.6,51.5,40.4,17.2,95.1,4.3,-999999999,1.2,-999999999,.2,3.7
"Champaign-Urbana, IL  Metro Area",2,224193,4,2,18.1,25.7,93,36.3,41802,41.802,8.5,49.8,28.8,11.3,81.5,11.4,.6,7.2,-999999999,1.2,4
"Charleston-North Charleston-Summerville, SC  Metro Area",2,659191,9,4,24.3,28.6,87.1,31.1,48246,48.246,7.3,51.4,35,11.4,67.9,29.2,.7,2.2,.1,1.5,4
"Charleston, WV  Metro Area",2,304298,9,4,22.6,27.2,85.2,21.2,42148,42.148,8.5,51.4,41.6,15.9,95.4,4.1,3.4,1.1,-999999999,-999999999,1.2
"Charlotte-Gastonia-Concord, NC-SC  Metro Area",2,1745524,9,4,25,32.9,86.7,32.4,51267,51.267,5.8,51.1,35.1,10,70.3,24,1.1,3.2,-999999999,3.5,9.2
"Charlottesville, VA  Metro Area",2,198217,9,4,23.4,24.5,86.5,39.9,55756,55.756,5.4,52.9,38,14,82.4,13.4,1,3.7,-999999999,1.4,3.3
"Chattanooga, TN-GA  Metro Area",2,524221,8,4,22.1,28.6,83,22.5,40697,40.697,6.8,51.6,38.9,14.6,83.3,14.5,.9,1.6,-999999999,1.2,2.8
"Cheyenne, WY  Metro Area",2,88854,2,1,15.9,28.2,90.5,22.2,49744,49.744,3.7,49.8,36.6,12.7,90.5,4.3,1.9,1.9,-999999999,5.2,11.4
"Chicago-Naperville-Joliet, IL-IN-WI  Metro Area",2,9580609,4,2,30.7,31.5,85.9,33.5,58729,58.729,12.1,50.8,35.4,11.2,67.8,18.3,.6,5.9,0,9.3,19.9
"Chico, CA  Metro Area",2,220577,1,1,20.3,23.7,87,23.4,41786,41.786,8.1,50.8,36.7,15.1,89.8,2.4,3.7,5.5,.5,4.6,13.3
"Chillicothe, OH  Micro Area",1,75972,4,2,23.7,24.2,82.9,11.1,41187,41.187,7.1,47.7,38.7,13.6,92.8,6.2,3,-999999999,-999999999,-999999999,.4
"Cincinnati-Middletown, OH-KY-IN  Metro Area",2,2170828,4,2,24,31,87.6,28.5,51832,51.832,9,51.1,36.9,12.2,85.4,12.8,.6,2,-999999999,.8,2.2
"Clarksburg, WV  Micro Area",1,90175,9,4,24.4,28.6,85.7,17,39010,39.01,8.5,51.8,41,15.8,97.8,1.8,1.2,.6,-999999999,-999999999,1
"Clarksville, TN-KY  Metro Area",2,268717,9,4,22.4,36.2,87.5,18.1,41685,41.685,4.7,50.9,31.2,9.9,77.9,20.4,1.1,2.3,.2,1.1,5.3
"Clearlake, CA  Micro Area",1,65279,1,1,28.8,28.5,89.3,18.6,39343,39.343,6,50.7,43.4,17.1,91.7,3.4,5,2.6,-999999999,1.1,16.3
"Cleveland-Elyria-Mentor, OH  Metro Area",2,2091286,4,2,24.4,27.8,87.7,26.9,45395,45.395,10.7,51.9,40.2,14.9,77.2,20.5,.7,2.2,0,1.1,4.5
"Cleveland, TN  Metro Area",2,113193,8,4,21.6,27.8,79.8,18.8,38395,38.395,5,51.8,39.4,15.7,93.2,4.6,.4,.8,-999999999,1.7,3.4
"Coamo, PR  Micro Area",1,72417,10,5,23, , , ,13126,13.126,20,52.2,34.6,12.5,79.7,21.3,-999999999,-999999999,-999999999,15.3,99.5
"Coeur d'Alene, ID  Metro Area",2,139390,4,2,21.7,33.2,91.2,23.1,47431,47.431,3.2,50.8,38.9,14.3,98.1,.6,2.7,1.1,-999999999,.6,3.6
"College Station-Bryan, TX  Metro Area",2,213601,7,4,19,28.8,81.8,33.3,34137,34.137,6.5,49.7,24,8.9,80.4,12.3,.8,4.6,-999999999,3.8,21.5
"Colorado Springs, CO  Metro Area",2,627491,2,1,22.3,32.5,93.5,35.6,55176,55.176,5.6,50.1,35.2,9.8,86.9,8.2,2.2,4.1,.5,3.7,13.4
"Columbia, MO  Metro Area",2,166481,3,2,18.5,30.3,91.3,43.5,46416,46.416,6.1,51.4,29.3,9.3,87.5,9.5,1.3,3.4,-999999999,1.8,2.5
"Columbia, SC  Metro Area",2,745381,9,4,23.6,31.5,88.3,30.8,47615,47.615,6.2,51.8,35.2,11.3,63.2,34.3,.7,2.1,0,1.3,4.1
"Columbia, TN  Micro Area",1,84302,8,4,26.4,28,81.3,14,42806,42.806,4.5,50.9,37.1,13.1,85.8,13.2,-999999999,-999999999,-999999999,-999999999,5.5
"Columbus, GA-AL  Metro Area",2,288135,9,4,20,31.6,83.5,20.8,40335,40.335,8.1,51.6,33.5,11.6,55.3,41.5,1.1,2.2,.3,2.6,4.8
"Columbus, IN  Metro Area",2,76063,4,2,18.2,29.9,90.3,24.1,49415,49.415,3.4,50.5,37.1,14.3,93,2.6,.5,3.6,-999999999,-999999999,4.6
"Columbus, OH  Metro Area",2,1801848,4,2,22.5,31.7,89.8,33.3,50773,50.773,6.8,50.6,34.7,10.5,81.9,15.1,.7,3.5,0,1.1,3.3
"Concord, NH  Micro Area",1,149071,6,3,25.5,27.4,92.1,33.6,63018,63.018,4.1,50.2,40.7,13.5,97.6,2.6,.7,.4,-999999999,-999999999,1.5
"Cookeville, TN  Micro Area",1,105218,8,4,25.4,24.9,75.8,18.4,31790,31.79,5.8,50.9,38.1,15.5,96.5,1.9,1.7,.8,-999999999,-999999999,4
"Coos Bay, OR  Micro Area",1,62795,1,1,16.3,20,86,16.2,34912,34.912,4.4,50.5,47.2,21.7,95.8,1.1,5.6,3.5,-999999999,-999999999,4.6
"Corning, NY  Micro Area",1,96552,5,3,22.5,28.2,86.1,21.2,42635,42.635,7.3,50.7,41.5,15.2,96.3,1.9,.8,1.4,-999999999,-999999999,1.2
"Corpus Christi, TX  Metro Area",2,416095,7,4,20.7,28.7,79.2,19.8,42278,42.278,8,50.8,35.2,12.6,89.4,4,1,1.8,-999999999,5.5,56.6
"Corvallis, OR  Metro Area",2,82605,1,1,17.3,20.4,95.6,49.5,44616,44.616,7.1,50.3,29.8,11.2,89.9,1.5,1.6,6,.2,2.9,6.4
"Cullman, AL  Micro Area",1,81778,8,4,26.7,30.6,74.7,13.4,36628,36.628,5,51.1,37.7,15.5,97.9,.9,1,1.2,-999999999,-999999999,4.4
"Cumberland, MD-WV  Metro Area",2,99736,9,4,20.3,23,87.9,15.5,36261,36.261,10.8,48.6,40.7,17.4,93,6.3,.3,.6,-999999999,-999999999,1.4
"Dallas-Fort Worth-Arlington, TX  Metro Area",2,6447228,7,4,26.1,36.2,81.9,30,54539,54.539,5.2,49.7,33,8.6,70.5,14.8,1.6,5.4,.2,10.2,28
"Dalton, GA  Metro Area",2,134319,9,4,20.9,35.4,67,12,38049,38.049,4.3,50.8,33.9,10.5,91.3,3.3,.8,1.2,-999999999,5.2,25.3
"Danville, IL  Metro Area",2,80067,4,2,19.6,23.9,84.9,14.5,35012,35.012,13.6,51,38.9,16.9,86,13.5,-999999999,.8,-999999999,1.7,3.8
"Danville, VA  Metro Area",2,105814,9,4,23.1,23.1,77.2,14.5,34503,34.503,10.7,52.9,43.8,18.3,66.7,32.2,.5,.5,-999999999,-999999999,3.4
"Daphne-Fairhope-Foley, AL  Micro Area",1,179878,8,4,25.3,32.1,89.2,26.5,48487,48.487,3,51.2,40.3,17.1,86.9,10.2,1,.8,-999999999,2,3.3
"Davenport-Moline-Rock Island, IA-IL  Metro Area",2,380588,3,2,19.2,27.9,89.6,25.5,50454,50.454,6.5,51,38.4,14.6,88.9,7.5,.8,2.1,-999999999,3.5,7.1
"Dayton, OH  Metro Area",2,835063,4,2,20.9,27.8,88.6,24.8,45157,45.157,8.1,51.6,38.6,14.7,83.3,15.5,.7,2,-999999999,.7,1.9
"Decatur, AL  Metro Area",2,151399,8,4,24.3,29.8,78.9,18.6,37704,37.704,4.1,50.8,39.5,14.1,84.2,12.4,3,1,-999999999,1.4,5.6
"Decatur, IL  Metro Area",2,108204,4,2,16.5,25.9,88.8,21.1,44105,44.105,8.4,51.6,39.7,16.3,83,16.5,.5,1.2,-999999999,.8,1.4
"Deltona-Daytona Beach-Ormond Beach, FL  Metro Area",2,495890,9,4,26.3,22.5,86.6,19.6,41459,41.459,6.8,51,44.1,21,83.4,10.8,.8,1.9,-999999999,4.6,10.8
"Denver-Aurora-Broomfield, CO  Metro Area",2,2554474,2,1,26.8,30.6,88.8,37.6,59007,59.007,6.3,49.8,35.4,10.1,84.4,6.3,1.8,4.3,.1,6.2,22.3
"Des Moines-West Des Moines, IA  Metro Area",2,562993,3,2,19.7,32.4,91.9,33.8,56576,56.576,6.2,51,35,11.3,91.8,5.1,.6,3,.1,1.8,6.2
"Detroit-Warren-Livonia, MI  Metro Area",2,4403437,4,2,26,30.4,86.9,26.3,48535,48.535,8.7,51.2,38.7,12.8,72.2,23.6,.8,3.7,0,1.4,3.8
"Dothan, AL  Metro Area",2,142693,8,4,21.3,28.6,81.1,16.1,35879,35.879,6.8,52,39.3,16.2,75.1,23,.9,1.7,-999999999,1,2.3
"Dover, DE  Metro Area",2,157741,2,1,24.5,31.5,84.3,19.8,51485,51.485,7.5,52.2,35.8,13.1,73.3,24.2,1.1,2.7,-999999999,1.2,4.6
"DuBois, PA  Micro Area",1,82324,5,3,23.6,25.9,85.3,12.7,37282,37.282,6.8,49.6,42.4,18.1,96.3,3.3,-999999999,.5,-999999999,.3,1
"Dubuque, IA  Metro Area",2,93072,3,2,18.2,29.3,90.2,24.1,46637,46.637,5.9,51.2,38.1,15.4,97.1,1.5,1.2,1,-999999999,.5,1.9
"Duluth, MN-WI  Metro Area",2,277637,3,2,19.4,24.6,91.5,23.5,44597,44.597,7.4,50.2,41.2,15.8,94.8,1.7,3.5,1,-999999999,.5,1.1
"Dunn, NC  Micro Area",1,115761,9,4,29.6,37.6,82.9,18.5,43815,43.815,4.4,53.3,32.3,9.2,73,22.9,2.6,1.4,-999999999,4.2,9.1
"Durham-Chapel Hill, NC  Metro Area",2,501228,9,4,22.6,28.7,86.9,44.3,49902,49.902,7,51.8,34.2,10.7,63,28,1.3,4.5,.1,5.8,9.9
"East Liverpool-Salem, OH  Micro Area",1,107722,4,2,24.7,27.1,84.3,10.9,37595,37.595,7.1,49.8,43.1,16.4,96.7,3.3,1,-999999999,-999999999,.8,1
"East Stroudsburg, PA  Micro Area",1,166355,5,3,38.1,34.3,88.9,25.3,54879,54.879,4.9,50.1,39.2,12.7,83.9,13.4,.8,3.2,-999999999,2.1,12.7
"Eau Claire, WI  Metro Area",2,160018,4,2,17.2,27.7,91.7,25,44623,44.623,4.9,50.1,35.9,13.2,96.2,1,1.1,2.5,-999999999,.5,1.2
"El Centro, CA  Metro Area",2,166874,1,1,19.3,40.2,63.3,14.9,38594,38.594,10.8,48.5,30.3,10.3,70.2,3.9,2.5,2.6,.1,23.3,77.3
"El Paso, TX  Metro Area",2,751296,7,4,23,38.5,71.7,20.4,36146,36.146,7.8,51.7,30.6,10.5,81.4,3.4,1.2,1.5,.1,14.6,81.8
"Elizabethtown, KY  Metro Area",2,113363,8,4,19.8,37.2,85.9,17.7,45224,45.224,5.6,50.7,35.4,12,87.8,11.2,.8,2.5,-999999999,.7,3.8
"Elkhart-Goshen, IN  Metro Area",2,200502,4,2,19.7,35.9,81.9,19,42781,42.781,7.4,50.2,34,11.3,84.9,6,.9,1.5,-999999999,8,15.1
"Elmira, NY  Metro Area",2,88331,5,3,19.9,29.5,87.6,19.4,43727,43.727,13.2,51.3,42,15.8,92.3,7.6,.3,1.3,-999999999,-999999999,2.3
"Enterprise-Ozark, AL  Micro Area",1,96782,8,4,21.3,27.6,83.4,21.1,43461,43.461,7.2,51.4,35.6,13.5,78.4,19,1.8,1.7,-999999999,.7,4.6
"Erie, PA  Metro Area",2,280291,5,3,18.5,27.3,88.6,24,42888,42.888,10.3,50.9,38.5,14.6,91.9,7.6,.5,1,-999999999,1.3,3.1
"Eugene-Springfield, OR  Metro Area",2,351109,1,1,19.8,23.4,90.6,27,39867,39.867,8,51,38.5,14.4,92.9,2.1,2.7,4,.6,2.3,6.5
"Eureka-Arcata-Fortuna, CA  Micro Area",1,129623,1,1,17.3,24.7,91,26.5,35745,35.745,7.1,50.1,36.2,12.9,86.5,2,6.6,3.2,2.4,2.7,8.9
"Evansville, IN-KY  Metro Area",2,351589,4,2,20.7,29.6,87.7,20.6,46462,46.462,7,51.4,39.2,14.2,92.4,6.8,.8,.9,-999999999,.4,1.3
"Fairbanks, AK  Metro Area",2,98660,10,5,17.3,33.4,93.9,26.5,70610,70.61,4.8,47.3,28.8,5.9,84.2,7,9.2,3.7,.6,2,6.8
"Fajardo, PR  Metro Area",2,80707,10,5,27.8, , , ,20743,20.743,17.9,52.4,37.8,15.3,68,12.3,-999999999,-999999999,-999999999,23.7,98.7
"Fargo, ND-MN  Metro Area",2,199989,3,2,17.3,26.5,93.3,33.7,45483,45.483,5.7,50.3,30.2,10.2,93.3,2.4,2.2,2.1,-999999999,1.1,2.8
"Farmington, NM  Metro Area",2,124131,2,1,26.8,35.5,80.3,15.8,47075,47.075,5.5,50.2,31.7,10.4,56.7,1.5,37.4,.8,-999999999,5.4,18.6
"Fayetteville-Springdale-Rogers, AR-MO  Metro Area",2,460769,7,4,20.6,33,83.2,24.8,44243,44.243,5.1,50.3,33.4,11.1,86.4,3,2.6,2.7,.4,7.1,14.1
"Fayetteville, NC  Metro Area",2,360355,9,4,21.7,33.8,87.6,19.9,40495,40.495,6.7,51.6,29.7,9.2,57.3,38.2,4.5,2.8,.6,3.4,7
"Findlay, OH  Micro Area",1,74538,4,2,16.4,28.8,92.3,28.4,47556,47.556,5.1,51.5,38.3,14.4,94.6,2,-999999999,2.3,-999999999,1.8,3.9
"Flagstaff, AZ  Metro Area",2,129849,2,1,19.8,25.8,85.8,26.6,50769,50.769,4.5,50.3,29,8.1,62.3,1.9,30.8,2.2,-999999999,6,12.9
"Flint, MI  Metro Area",2,424043,4,2,25.3,28.9,87.8,18.9,41382,41.382,8.1,51.8,38.1,13.4,78.4,20.6,1.5,1.4,.1,.7,2.6
"Florence-Muscle Shoals, AL  Metro Area",2,144238,8,4,21.6,25.3,81.2,18.8,37721,37.721,6.2,51.1,39.9,16.5,86.1,13.4,.8,.3,-999999999,-999999999,1.8
"Florence, SC  Metro Area",2,200653,9,4,21.4,28.4,80,19.9,38277,38.277,8.6,52.4,38.1,13.6,57.5,41.3,.6,1.1,-999999999,.6,1.7
"Fond du Lac, WI  Metro Area",2,100070,4,2,18.5,29.1,91.3,18.4,50216,50.216,5.5,50.5,39.7,14.6,97.3,1.8,.8,1.2,-999999999,.9,3.7
"Fort Collins-Loveland, CO  Metro Area",2,298382,2,1,22.4,26.6,93.3,41,55676,55.676,3.8,49.8,35.1,11.5,94,1.5,1.5,2.4,.1,2.8,10.2
"Fort Payne, AL  Micro Area",1,69380,8,4,21.5,33,63.1,9.5,33057,33.057,4.1,51.8,38.1,14.2,94.3,2.5,3.5,-999999999,-999999999,-999999999,11.7
"Fort Smith, AR-OK  Metro Area",2,293053,7,4,20,30.9,79.4,14.4,36572,36.572,5.8,50.7,37.3,13.5,90.4,4.2,8.9,2.5,-999999999,1.4,7.9
"Fort Walton Beach-Crestview-Destin, FL  Metro Area",2,178473,9,4,22.4,29,89.9,26,49207,49.207,3.6,50.6,37.6,14,85.4,11.1,1.6,4.9,-999999999,1.1,6.3
"Fort Wayne, IN  Metro Area",2,415969,4,2,20.8,32.4,88.7,24,47069,47.069,7.5,51,35.9,12.1,84.9,11.1,.9,2.1,-999999999,2.8,5.7
"Frankfort, KY  Micro Area",1,70758,8,4,20.7,30.7,86.5,27.9,46160,46.16,4.6,52.5,38.5,12.8,90.7,8.8,-999999999,1.3,-999999999,1,1.9
"Fresno, CA  Metro Area",2,915267,1,1,21.5,38.1,71.9,19.8,45661,45.661,9,49.4,30.5,9.8,69,5.9,2.2,9.7,.2,16.7,49.3
"Gadsden, AL  Metro Area",2,103645,8,4,22.7,25.9,84,15.2,39118,39.118,3.4,52,39.2,16.1,84.5,15.1,.8,.7,-999999999,.9,3.3
"Gainesville, FL  Metro Area",2,259587,9,4,20.6,21.6,88.6,37.5,37654,37.654,7,51,27.9,11.3,74.8,19.7,1.4,5.3,.1,1.7,7.5
"Gainesville, GA  Metro Area",2,187743,9,4,25.3,36,75.9,21.7,49015,49.015,4.9,49.4,33.3,10.1,82.9,7.6,.5,2,-999999999,8,27.2
"Galesburg, IL  Micro Area",1,67861,4,2,20,24.3,84.4,16.6,39927,39.927,8.4,50.5,41.7,19,91.2,6.7,.8,.9,-999999999,2.5,4.3
"Gallup, NM  Micro Area",1,70513,2,1,21.8,24.7,72,10.3,34948,34.948,13.1,50.8,30.4,9.3,21.1,1.5,77.9,-999999999,-999999999,2.3,14.5
"Gettysburg, PA  Micro Area",1,102323,5,3,27,32.2,83.9,16.3,56628,56.628,4.8,50.4,40.8,14.9,93.4,2.3,.3,.9,-999999999,3.9,6.2
"Glens Falls, NY  Metro Area",2,128774,5,3,23.7,26.7,88.9,21.2,51075,51.075,6.3,49.6,42.6,16.4,96.2,2.4,.6,.8,-999999999,.5,2.1
"Goldsboro, NC  Metro Area",2,113811,9,4,21.7,33.6,82.6,18.3,40944,40.944,8,51.6,36.4,12.9,62.5,33.1,.8,2,-999999999,5.4,7.4
"Grand Forks, ND-MN  Metro Area",2,96578,3,2,15.1,25.2,91.6,27.1,42271,42.271,6.6,48.5,29.8,12.1,93.6,2.6,5,.9,-999999999,1.4,4
"Grand Island, NE  Micro Area",1,72302,3,2,15.4,32.3,80.5,14.9,45402,45.402,4.9,50.4,35.5,13.5,93.5,2.6,.7,.7,-999999999,3,17.8
"Grand Junction, CO  Metro Area",2,146093,2,1,20.9,32.9,88.5,27.3,52882,52.882,5.5,50.9,37.7,13.9,94,.9,2.8,1,-999999999,3.6,12.7
"Grand Rapids-Wyoming, MI  Metro Area",2,778009,2,1,22.1,33,88.3,26.4,47150,47.15,6.1,50.1,35.1,11.3,87.9,8.6,1,2,-999999999,2.7,8.2
"Grants Pass, OR  Micro Area",1,81026,1,1,18.9,21.7,87.3,16,34754,34.754,6.1,52.3,47.2,21.9,97,1.3,1.7,1.2,-999999999,.6,5.7
"Great Falls, MT  Metro Area",2,82178,2,1,14.2,25.3,90.6,23.8,40518,40.518,6.3,50.8,37.9,15.5,93.3,2.7,7.3,.3,-999999999,-999999999,3.3
"Greeley, CO  Metro Area",2,254759,2,1,25.7,36.5,84.5,24.9,54710,54.71,3.8,49.5,32.7,8.3,93.7,2,1.9,1.7,.2,4,27.6
"Green Bay, WI  Metro Area",2,304783,4,2,19.9,31,89.5,22.3,50315,50.315,4.3,50.2,37.4,12.2,92.8,2.1,2.7,2.4,-999999999,1.3,5.6
"Greeneville, TN  Micro Area",1,66282,8,4,23.2,28,78.7,12.8,33601,33.601,4.4,50.4,41.7,16.9,95.3,3.1,-999999999,-999999999,-999999999,-999999999,2.4
"Greensboro-High Point, NC  Metro Area",2,714765,9,4,22.3,29.7,83.6,25.8,41272,41.272,6.5,52,37.7,13.2,68.3,26,.9,2.8,-999999999,3.7,7.3
"Greenville-Mauldin-Easley, SC  Metro Area",2,639617,9,4,22.1,29.3,83.6,27.9,43283,43.283,5.9,50.7,37.5,12.7,80,17.1,.6,2.1,.3,1.8,6.7
"Greenville, NC  Metro Area",2,179715,9,4,19.7,27.8,84.4,26.3,36129,36.129,8.7,51.6,31.1,10.2,62.6,37.3,.9,1.4,-999999999,1,5
"Greenwood, SC  Micro Area",1,69671,9,4,20.4,30.9,82.5,19,41975,41.975,5.7,53.5,37.6,14.9,64.7,31,1,1.6,-999999999,2.9,5.5
"Guayama, PR  Metro Area",2,84736,10,5,24.1, , , ,16027,16.027,22,51.2,35.7,11.9,73.6,26.6,-999999999,-999999999,-999999999,15.6,99.4
"Gulfport-Biloxi, MS  Metro Area",2,243780,8,4,25.5,32.1,84.5,19,42979,42.979,4.9,50.2,35.6,12.7,76.1,21.6,1.3,3.1,-999999999,.7,3.7
"Hagerstown-Martinsburg, MD-WV  Metro Area",2,263816,9,4,29.5,30.2,84.6,18.3,48653,48.653,6.5,49.7,38.4,13.4,90.4,8.9,1,1.5,-999999999,.7,3
"Hammond, LA  Micro Area",1,118688,7,4,29.6,31.6,79.6,18.8,37672,37.672,5.8,51.7,32.9,11.3,70.3,29,.5,-999999999,-999999999,.4,2.4
"Hanford-Corcoran, CA  Metro Area",2,148764,1,1,22.5,41.5,72.6,12.5,44506,44.506,7.1,41.7,30.3,7.7,73.9,8.9,1.7,4,.3,14.6,49.9
"Harrisburg-Carlisle, PA  Metro Area",2,536919,5,3,21.7,26.1,88.8,28.5,53036,53.036,7.9,51.4,39.5,14.5,87.5,10.6,.5,2.7,-999999999,1.2,4.1
"Harrisonburg, VA  Metro Area",2,120271,9,4,21,29,76.8,24.2,42657,42.657,7.9,51.3,32,12.3,92.8,4,.4,2.1,-999999999,1.3,8.9
"Hartford-West Hartford-East Hartford, CT  Metro Area",2,1195998,6,3,22.5,30.4,88.9,34.7,65698,65.698,8.5,51.2,39.6,14.1,79.8,11.9,.6,3.8,.1,6.1,11.6
"Hattiesburg, MS  Metro Area",2,143931,8,4,23.4,30.6,85.5,24.8,40451,40.451,6.4,51.5,30.3,11.4,69.5,29.1,-999999999,1,-999999999,-999999999,.6
"Helena, MT  Micro Area",1,70185,2,1,18.4,25.3,94.7,35,54872,54.872,3.8,48.9,43,12.9,95.4,-999999999,3.9,1.1,-999999999,.6,2.4
"Hickory-Lenoir-Morganton, NC  Metro Area",2,365364,9,4,21.9,28,76.7,14.6,37351,37.351,6.4,50.4,39.8,14.7,87.4,7.8,1.1,2.6,-999999999,3.5,6.8
"Hilo, HI  Micro Area",1,177835,10,5,23,27.3,91.6,27.3,53828,53.828,5.1,49,39.3,14.1,53.8,2.2,3.9,43.2,30.6,4.4,11.9
"Hilton Head Island-Beaufort, SC  Micro Area",1,178436,9,4,21.4,24.8,89.7,34,52668,52.668,4,51,40.3,19.3,72.2,24.7,.5,1.1,-999999999,2.8,10.7
"Hinesville-Fort Stewart, GA  Metro Area",2,76090,9,4,19.9,41.5,92.3,17.9,44148,44.148,6.3,50.3,24.9,5.1,55.3,39.9,-999999999,2,-999999999,3.5,8.1
"Holland-Grand Haven, MI  Metro Area",2,261957,4,2,20.1,36.8,90.9,30.5,51047,51.047,5.1,50.6,34.6,11.6,91.8,1.9,.7,2.8,-999999999,4.1,8.2
"Homosassa Springs, FL  Micro Area",1,140357,9,4,25.8,16.9,85.5,17.7,38128,38.128,3.2,51.6,52.9,30.6,93.9,3.8,.5,1.7,-999999999,1.3,4.2
"Honolulu, HI  Metro Area",2,907574,10,5,27.1,30.1,90.5,31.3,67744,67.744,10.4,49.5,37.3,14.9,40.1,5.2,2.3,58.8,22.6,2.2,8.1
"Hot Springs, AR  Metro Area",2,98479,7,4,20.3,21.9,86.6,21.7,37678,37.678,7.7,51.4,44.4,21.4,88,8.9,1.3,-999999999,-999999999,2.6,4.2
"Houma-Bayou Cane-Thibodaux, LA  Metro Area",2,202973,7,4,25.6,33,74.9,15.9,47747,47.747,7.4,51.3,35.1,11.8,78.6,17.1,4.6,1.1,-999999999,1.2,2.7
"Houston-Sugar Land-Baytown, TX  Metro Area",2,5865086,7,4,27.6,36.6,80,27.9,54146,54.146,6.1,49.9,32.9,8.5,69.1,17.3,1.1,6.4,.1,7.8,34.4
"Huntington-Ashland, WV-KY-OH  Metro Area",2,285624,4,2,21.8,27.1,84.2,17.9,36066,36.066,9.3,51.3,39.6,16,96.9,3.2,.8,.7,-999999999,.2,.9
"Huntsville, AL  Metro Area",2,406316,8,4,21.5,29.5,87.5,34.1,54550,54.55,5.1,50.8,37,12.5,74.5,22.9,1.5,2.6,-999999999,.8,3.4
"Idaho Falls, ID  Metro Area",2,126851,2,1,20.5,39.1,90.5,24.8,49039,49.039,4,50.1,31,10.3,94.5,1.3,1,1.1,-999999999,3.4,9.9
"Indiana, PA  Micro Area",1,87450,5,3,24.6,24.4,86.6,16.6,39582,39.582,8.3,50.5,38.7,16,96.8,2.2,.8,-999999999,-999999999,.4,.8
"Indianapolis-Carmel, IN  Metro Area",2,1744680,4,2,24.2,31.7,87.6,31.1,50410,50.41,6.3,51,35.4,10.8,81.2,15.4,.6,2.3,0,2.4,5.1
"Iowa City, IA  Metro Area",2,152263,3,2,17.7,23.9,94.3,45.1,48767,48.767,5.7,50.2,29.5,10,91.8,4.2,.4,4.4,-999999999,1.6,3.6
"Ithaca, NY  Metro Area",2,101779,5,3,18.3,23.6,91.5,47.6,45010,45.01,13.1,50,28.7,10.2,84.4,4,.5,10.4,-999999999,2.4,4
"Jackson, MI  Metro Area",2,159828,4,2,24.6,28.8,86.7,18.8,46650,46.65,6.9,49.2,39.1,13.9,90.2,8.6,1.1,1,-999999999,1.2,2.9
"Jackson, MS  Metro Area",2,540866,8,4,22.7,31.4,84.6,28.8,44104,44.104,6.6,52,34.3,11.1,50.6,47.6,.5,1.1,-999999999,.9,1.7
"Jackson, TN  Metro Area",2,114153,8,4,19.4,32.6,82.9,23.5,38976,38.976,6.7,52.7,35.6,12.9,67.6,31.1,.1,.9,-999999999,.6,3.1
"Jacksonville, FL  Metro Area",2,1327812,9,4,25.5,30.1,88.2,27.3,50010,50.01,6.4,51.2,36.7,11.9,73,23.1,.8,3.8,.1,1.5,6.2
"Jacksonville, NC  Metro Area",2,173064,9,4,21.2,34.2,90.4,16.7,41231,41.231,3.8,44.6,24.1,7.2,77.3,18.7,1.2,2.8,-999999999,2.7,7.3
"Jamestown-Dunkirk-Fredonia, NY  Micro Area",1,133503,5,3,17.5,27.7,87.8,21.1,37849,37.849,11.3,51,39.7,16.2,95.6,3.5,1,.6,-999999999,1.6,5.2
"Janesville, WI  Metro Area",2,160155,4,2,20,33.4,87.5,18.8,48975,48.975,4.7,50.4,38.2,13.8,92.5,5.2,.9,1.3,-999999999,1.5,6.6
"Jefferson City, MO  Metro Area",2,146544,3,2,19.9,32.5,85.4,23.2,50600,50.6,6.6,48.5,36.4,11.7,90.4,7.9,1.5,.9,-999999999,1.4,2
"Johnson City, TN  Metro Area",2,197381,8,4,20.4,25.9,82.9,20.4,34495,34.495,5,50.8,40,15.8,95.2,4,.4,.7,-999999999,.7,2.3
"Johnstown, PA  Metro Area",2,143998,5,3,21.9,25.4,88.5,17.7,38870,38.87,11,50.8,43.6,18.8,95.7,4,.3,.7,-999999999,-999999999,1.3
"Jonesboro, AR  Metro Area",2,120139,7,4,17.6,33.7,79.4,20.6,36792,36.792,9.9,51.6,33,12.4,87.4,12.6,.8,.5,-999999999,.2,3.4
"Joplin, MO  Metro Area",2,174300,3,2,20.1,30.7,83.5,17.6,38541,38.541,5.5,51,36,13.5,94.8,2.3,2.3,1.2,.7,1.2,5.5
"Kahului-Wailuku, HI  Micro Area",1,145203,10,5,20.7,28.3,89.7,25.1,60502,60.502,4.8,49.4,38.4,12.7,59.4,.5,3.1,45.9,27.4,1.5,10.2
"Kalamazoo-Portage, MI  Metro Area",2,326634,4,2,20.7,29.4,89.7,29.3,41088,41.088,7.7,51.3,35.2,12.5,86.8,9.7,1.5,2.1,.3,2.4,5.1
"Kalispell, MT  Micro Area",1,89624,2,1,16.9,26.2,94.3,27.3,46435,46.435,2.4,49.8,40.6,14,98.2,-999999999,2.5,.8,-999999999,-999999999,2.7
"Kankakee-Bradley, IL  Metro Area",2,113215,4,2,22.2,28,85.6,17.5,50858,50.858,7.7,51.3,36.2,13.2,83.3,15.3,1.3,1.2,-999999999,1.9,7.7
"Kansas City, MO-KS  Metro Area",2,2066732,3,2,22.6,32.1,90,32.8,54521,54.521,6.1,50.8,36.2,11.7,83.4,12.7,1.7,2.5,.2,2.4,7.5
"Keene, NH  Micro Area",1,77045,6,3,21.5,25.4,91,29.9,52017,52.017,3.8,51.4,39.8,15,97.4,1,.7,1.2,-999999999,.7,1.4
"Kennewick-Pasco-Richland, WA  Metro Area",2,245649,1,1,22.4,35.3,84.1,24.6,54028,54.028,5.5,49,32.8,10.6,79.1,2.3,2,2.9,-999999999,17.4,27.4
"Key West, FL  Micro Area",1,73165,9,4,16.9,20.6,88.6,24.4,49721,49.721,6,48.1,45.6,15.7,90.5,7.3,-999999999,2,-999999999,-999999999,19.6
"Killeen-Temple-Fort Hood, TX  Metro Area",2,379231,7,4,19.1,38,87.6,18.3,44918,44.918,5,50.9,28.9,9.6,73.9,21.9,1.7,3.5,.8,3,18.9
"Kingsport-Bristol-Bristol, TN-VA  Metro Area",2,302887,8,4,22.7,26.5,82.4,16.9,36257,36.257,5.8,51.4,42.9,18,96.9,2.7,.8,.5,-999999999,.3,1
"Kingston, NY  Metro Area",2,181440,5,3,26.3,28.2,87.1,29.3,56485,56.485,6.8,50.6,40.9,14.6,89.3,7.7,.9,2,-999999999,2.8,7.7
"Klamath Falls, OR  Micro Area",1,66890,1,1,16.5,28.6,87.6,20.2,41298,41.298,8.2,51.9,42,16.9,91.2,.7,9,1.4,-999999999,2.3,10.2
"Knoxville, TN  Metro Area",2,699247,8,4,21.8,26.4,87.4,29.2,45156,45.156,5.3,51.3,38.8,14.4,91.4,7.4,.8,1.6,-999999999,.5,2.6
"Kokomo, IN  Metro Area",2,97133,4,2,23,29.3,89.2,19.6,47623,47.623,7.6,51.5,39.9,16.6,91.7,7.1,-999999999,1.3,-999999999,.8,2.2
"La Crosse, WI-MN  Metro Area",2,132923,4,2,18.8,25.7,92.8,27.4,50142,50.142,6.5,50.9,35.6,13.7,95.6,1.5,.7,3.4,-999999999,-999999999,1
"Lafayette, IN  Metro Area",2,194992,4,2,18.3,26.9,90.9,32,41608,41.608,5.8,48.9,28.1,10.1,91.1,3.7,.9,4.9,-999999999,1.5,7
"Lafayette, LA  Metro Area",2,263171,7,4,23.7,30.2,84.7,25.5,47400,47.4,5.8,51.5,34.1,10.7,71.4,27.1,.6,1.3,-999999999,.5,2.5
"Lake Charles, LA  Metro Area",2,192640,7,4,20.8,31.5,83,20.8,44287,44.287,6.9,51.1,35.4,12.7,74.7,24.3,.6,.9,-999999999,1,2.3
"Lake City, FL  Micro Area",1,69263,9,4,22.9,29.3,78.9,14.5,37321,37.321,3.6,50.1,37.8,13.7,80.3,18.7,1.7,.9,-999999999,1,3.5
"Lake Havasu City-Kingman, AZ  Metro Area",2,194825,2,1,18.5,21.2,83.2,12.2,40946,40.946,6,50.7,45.9,22.4,94.6,1.6,4.5,1.7,-999999999,2.6,14.1
"Lakeland-Winter Haven, FL  Metro Area",2,583403,9,4,25.6,27.3,81.8,17.9,41911,41.911,6,50.7,38.9,17.6,81.7,14.7,.9,1.9,.2,2.9,16.3
"Lancaster, PA  Metro Area",2,507766,5,3,22,29.4,83.2,23.7,55673,55.673,8.5,50.8,37.8,14.8,92.5,4.3,.5,1.9,-999999999,2.2,7.7
"Lancaster, SC  Micro Area",1,77767,9,4,27.6,26.7,78,16.3,40440,40.44,7.4,49.4,37.3,12.7,73.4,25.7,1.4,-999999999,-999999999,-999999999,4
"Lansing-East Lansing, MI  Metro Area",2,453603,4,2,21.3,28.4,92.1,31.7,47705,47.705,7.4,51.7,34.2,11.6,86.9,9.6,1.9,3.7,.1,1.7,5.1
"Laredo, TX  Metro Area",2,241438,7,4,21.4,44.9,63.5,19.2,38291,38.291,8.1,51.9,26.8,8.1,92.9,.5,.2,.7,-999999999,6.7,94.5
"Las Cruces, NM  Metro Area",2,206419,2,1,18.9,31,75,26.6,35717,35.717,5.5,50,31,12.3,90.2,2.6,1.7,1.1,-999999999,6,65.2
"Las Vegas-Paradise, NV  Metro Area",2,1902834,2,1,23.5,32,83,21.7,53505,53.505,7.7,49.2,34.5,10.7,76,11.1,1.4,9,1.1,5.3,29.3
"Laurel, MS  Micro Area",1,84226,8,4,22.2,31.9,80.3,14.8,31152,31.152,6.3,50.8,37.1,15.6,65.3,33.3,.3,-999999999,-999999999,2.9,4.9
"Lawrence, KS  Metro Area",2,116383,3,2,18.7,24.2,96.5,50.1,43367,43.367,5.4,50.7,26.4,9.3,89,5.4,5,4.2,-999999999,.6,4
"Lawton, OK  Metro Area",2,113228,7,4,16,34.5,89.4,19.8,47867,47.867,5.2,48.4,30.9,11.2,72,20,7.3,3.7,.4,2.5,10
"Lebanon, NH-VT  Micro Area",1,171739,6,3,22.2,25.1,91.6,32.8,50010,50.01,5.4,50.6,43.2,16.2,97.3,.8,1.3,1.7,-999999999,.6,1.5
"Lebanon, PA  Metro Area",2,130506,5,3,20.6,28.7,86.1,19.7,50728,50.728,6.7,51.2,40.6,17.1,92.4,2.4,-999999999,1.1,-999999999,6.3,7.8
"Lewiston-Auburn, ME  Metro Area",2,106539,6,3,23.9,24.1,85.1,16.7,39990,39.99,10.3,51.1,39.5,14.9,93.5,5.8,7.1,1,-999999999,.7,1.8
"Lewiston, ID-WA  Metro Area",2,60163,2,1,14.7,27.3,88,17.9,43119,43.119,6.7,49.9,41.7,18.4,93.6,1.2,6.8,-999999999,-999999999,1.1,3
"Lexington Park, MD  Micro Area",1,102999,9,4,29.4,36.7,88.1,28.2,72474,72.474,4,49.8,34.8,9.9,82.6,15.5,1.9,2.9,-999999999,1.2,3
"Lexington-Fayette, KY  Metro Area",2,470849,8,4,21.1,31,86.6,34.5,46735,46.735,7.1,51.1,34.9,11.2,84.5,11.7,.6,2.5,.1,2.6,5.4
"Lima, OH  Metro Area",2,104357,4,2,19.8,30.7,88.1,15.5,37855,37.855,9.2,50,38.1,14.6,87.7,13.4,1.1,.8,-999999999,.7,2
"Lincoln, NE  Metro Area",2,297783,3,2,17.7,28.6,93.5,34.9,47933,47.933,6.2,50.2,31.5,10.8,91.8,4.3,1.1,3.4,-999999999,1.2,4.8
"Lincolnton, NC  Micro Area",1,76043,9,4,28.8,33.1,82.2,16.7,47242,47.242,3.5,49,39.8,13,92.1,6.2,-999999999,-999999999,-999999999,1.6,8.6
"Little Rock-North Little Rock-Conway, AR  Metro Area",2,686212,7,4,22.8,29.1,88.2,26,45967,45.967,6.7,51.6,35.5,12,74.7,23,1.2,1.6,.1,1.6,3.9
"Logan, UT-ID  Metro Area",2,125909,2,1,17.2,38.2,92.8,35.1,45314,45.314,2.3,50.2,24.1,8.4,94.7,1.4,.3,3.3,-999999999,2.2,9.4
"Longview, TX  Metro Area",2,206874,7,4,21.1,30.7,81.8,17.5,43652,43.652,6.9,50.6,36,13.5,76.5,19.4,.9,.8,-999999999,4,12.4
"Longview, WA  Metro Area",2,101966,1,1,22.7,28.5,86.2,13.7,45493,45.493,6.3,50.5,38.8,14,95.8,1.1,2.6,1.9,.7,1.9,7.2
"Los Angeles-Long Beach-Santa Ana, CA  Metro Area",2,12874797,1,1,27.9,33.5,77.6,30.2,58525,58.525,8.3,50.3,34.6,10.8,57.2,7.8,1.3,15.1,.5,21.6,44.8
"Louisville-Jefferson County, KY-IN  Metro Area",2,1259031,4,2,23.2,29.5,86.8,24.9,46786,46.786,8.2,51.3,37.8,12.7,84.2,14.2,.8,1.6,0,1.2,3.2
"Lubbock, TX  Metro Area",2,277791,7,4,15.5,29.2,81.9,26.5,39146,39.146,6.9,51.2,28.6,11.6,82,7.9,1.1,1.5,.1,10,32
"Lufkin, TX  Micro Area",1,83675,7,4,22.4,32.6,80.2,14.2,37931,37.931,5.4,49.3,34.8,13,76.9,16.9,2,-999999999,-999999999,6.3,18.8
"Lumberton, NC  Micro Area",1,129559,9,4,23.2,29.5,69.9,13.9,24788,24.788,6.8,50.7,33.3,10.8,34.7,24.5,37.8,.8,-999999999,4.6,9
"Lynchburg, VA  Metro Area",2,243898,9,4,21.7,27.3,83.6,22.1,44800,44.8,8.4,52.2,39.8,15.8,80.6,18.5,.6,1.6,-999999999,.3,1.4
"Macon, GA  Metro Area",2,230940,9,4,22.4,27.4,84.5,22.6,39415,39.415,9,53.2,36,13.1,56.4,42.7,1,1.1,-999999999,.8,2
"Madera-Chowchilla, CA  Metro Area",2,148632,1,1,27.3,40.3,68.3,14.8,44135,44.135,5.3,51.1,33.8,10.5,83.3,4,4,2.4,-999999999,8.4,51.7
"Madison, WI  Metro Area",2,570025,4,2,21.1,27.1,94,41,56709,56.709,7.6,50.3,34.9,10.5,91,4.9,.9,4.4,.2,1.3,4.7
"Manchester-Nashua, NH  Metro Area",2,405906,6,3,25.9,31.3,90.2,33.3,64751,64.751,5,50.4,38.4,11.8,92.4,2.7,.6,3.5,-999999999,2.1,5.3
"Manhattan, KS  Metro Area",2,123086,3,2,17,30.6,94.7,34.8,43771,43.771,4.6,49.5,25.3,8.4,87.6,10.1,1.2,3.6,-999999999,.7,5.9
"Manitowoc, WI  Micro Area",1,80583,4,2,19.6,27.5,89.6,18,48088,48.088,3.1,49.8,43.3,16.3,96.1,-999999999,.9,3.4,-999999999,-999999999,2.9
"Mankato-North Mankato, MN  Metro Area",2,93234,3,2,17.7,26.6,93,31.4,46933,46.933,6.7,50.2,30.6,12,96,2.4,.5,1.9,-999999999,.5,2.4
"Mansfield, OH  Metro Area",2,124490,4,2,22.8,29.9,84.5,12.9,39350,39.35,6.3,49.7,40.6,16.1,88.6,11.3,.9,.3,-999999999,.8,1.2
"Marinette, WI-MI  Micro Area",1,67285,4,2,18.9,25.9,89,11.9,37893,37.893,7,50.2,45.7,18.6,98.5,-999999999,1.7,.8,-999999999,-999999999,1.3
"Marion-Herrin, IL  Micro Area",1,65169,4,2,21.7,30.3,87.6,22.1,39169,39.169,5.8,51.3,40.5,16,95.9,4.2,.8,-999999999,-999999999,-999999999,1.5
"Marion, IN  Micro Area",1,68796,4,2,17.9,26.9,85.9,15.4,39006,39.006,8.1,51.8,40.9,17,90.9,7.9,.9,-999999999,-999999999,1.1,3.1
"Marion, OH  Micro Area",1,65655,4,2,20.4,30.4,85.2,13.2,39621,39.621,7.4,47.5,39.2,13.7,94.2,6.2,3.3,-999999999,-999999999,.8,1.8
"Marquette, MI  Micro Area",1,65703,4,2,18.2,23.2,92.7,27.9,41275,41.275,8.6,50.4,38.5,14.4,95.4,1.1,3.9,.9,-999999999,-999999999,.6
"Marshfield-Wisconsin Rapids, WI  Micro Area",1,73932,4,2,18.6,29.6,90,19.9,44909,44.909,4.6,50.5,42.8,17.6,96.5,1.3,1.1,2,-999999999,.4,1.5
"Martinsville, VA  Micro Area",1,70273,9,4,24.9,29.8,76,13.3,33654,33.654,8.1,50.7,41.3,19.1,72.1,27.8,1.4,.4,-999999999,-999999999,6.7
"Mayagüez, PR  Metro Area",2,110966,10,5,19.8, , , ,15031,15.031,23.3,52.4,39,18.5,70.5,4,.2,-999999999,-999999999,26.9,98.3
"McAllen-Edinburg-Mission, TX  Metro Area",2,741152,7,4,21.1,46.7,60.7,16.1,30460,30.46,8.1,51,27.6,9.6,81.4,.7,.7,.9,-999999999,17.6,89.8
"Meadville, PA  Micro Area",1,88521,5,3,22.3,23.9,86.8,16.5,38192,38.192,9.1,51.2,41.5,16.4,97,2.5,.5,.5,-999999999,.6,1
"Medford, OR  Metro Area",2,201286,1,1,18.5,26.8,90.9,25.2,45989,45.989,5.9,51.6,42.4,17.5,95.8,1,2.1,1.8,1,1.8,9.4
"Memphis, TN-MS-AR  Metro Area",2,1304905,8,4,23.5,31.1,83.8,24.2,43633,43.633,8.5,51.9,34.8,10.5,51.6,45.4,1.3,2,.1,1.9,4.5
"Merced, CA  Metro Area",2,245321,1,1,26.9,41.5,66.1,11.3,39535,39.535,8.3,49.6,29.7,9.6,75.2,4.6,1.5,7.7,.4,13.5,53.1
"Meridian, MS  Micro Area",1,106297,8,4,22.2,33.1,81.4,16.3,32429,32.429,11.9,51,35.8,13.8,57.2,41.6,-999999999,.7,-999999999,-999999999,1.6
"Miami-Fort Lauderdale-Pompano Beach, FL  Metro Area",2,5547051,9,4,26.7,28.3,82.5,27.8,45946,45.946,8.7,51.2,39.2,15.9,73.2,21.2,.4,2.7,.1,4.3,40.3
"Michigan City-La Porte, IN  Metro Area",2,111063,4,2,20.8,30.2,86.3,18.8,46168,46.168,6.2,48.5,38.5,13.7,87.1,11.9,.8,-999999999,-999999999,1,4.8
"Midland, MI  Micro Area",1,82548,4,2,19.8,30.6,90.2,30.3,50053,50.053,6.1,50.3,40.8,14.4,94.7,1.6,.9,2.4,-999999999,1.3,2
"Midland, TX  Metro Area",2,132316,7,4,16,35.5,81.1,23,55021,55.021,3.1,51.2,33.1,11.4,85.6,7.1,1.8,1.3,-999999999,6.1,37.4
"Milwaukee-Waukesha-West Allis, WI  Metro Area",2,1559667,4,2,22.1,29.4,88.8,30.8,52024,52.024,9.7,51.2,37,12.5,78.8,17.1,1,3.1,.1,1.9,8.7
"Minneapolis-St. Paul-Bloomington, MN-WI  Metro Area",2,3269814,3,2,24.3,31.5,92.5,37.6,63114,63.114,7.3,50.4,36,10.5,85.7,7.5,1.3,5.8,.1,1.9,4.9
"Minot, ND  Micro Area",1,65073,3,2,16.4,28.9,92.5,25.9,50519,50.519,4,50.9,33.6,14.5,94.3,2.4,2.6,1.6,-999999999,1.2,2.8
"Missoula, MT  Metro Area",2,108623,2,1,15.8,24.1,91.9,37.4,38983,38.983,6.8,50.3,32.8,11.3,95.2,1.1,3.7,1.6,-999999999,.6,2.6
"Mobile, AL  Metro Area",2,411721,8,4,23.7,31.2,82.8,18.7,40047,40.047,6.3,52.2,35.4,12.5,62.4,35,1,2.4,-999999999,.5,2
"Modesto, CA  Metro Area",2,510385,1,1,26.1,38.2,74.4,16.3,48716,48.716,6.7,50.4,32.6,10.5,82.6,3.7,2,6.3,.8,8.5,40.3
"Monroe, LA  Metro Area",2,174086,7,4,22.5,31.5,85.2,23.6,37799,37.799,7.9,52.5,33.8,13.2,64.7,34.7,.4,.8,-999999999,-999999999,1.9
"Monroe, MI  Metro Area",2,152721,4,2,25,30.5,87.9,16,52824,52.824,5.4,50.2,39.8,12.8,96.4,3.5,.9,.9,-999999999,.6,2.8
"Montgomery, AL  Metro Area",2,367475,8,4,21.7,31.3,85.6,27.3,44287,44.287,7.1,51.8,35,11.9,55,43.8,.6,1.3,-999999999,.5,1.9
"Morgantown, WV  Metro Area",2,120327,9,4,24.2,22.5,86.9,26.8,34471,34.471,5.6,48.7,32.5,11.8,94.2,4.2,.5,2.1,-999999999,.3,1.6
"Morristown, TN  Metro Area",2,137612,8,4,23.8,30.5,78.2,13.6,35146,35.146,5.4,50.3,38.5,15.3,96,3.6,1.1,-999999999,-999999999,-999999999,6.8
"Moses Lake, WA  Micro Area",1,88098,1,1,19.5,37.6,74.5,12.9,46883,46.883,4.6,47.6,31.1,11.4,78.8,2.6,2.4,-999999999,-999999999,18.7,36.8
"Mount Airy, NC  Micro Area",1,72496,9,4,24.9,24.7,72.5,13.8,33159,33.159,6.7,51.1,41.1,16.6,92.4,4.2,.8,.7,-999999999,2.5,9.9
"Mount Pleasant, MI  Micro Area",1,67176,4,2,17.8,22.9,89.6,24.7,33787,33.787,9.2,52.8,24.7,10.6,92.2,3.3,4,2.3,-999999999,.5,2.9
"Mount Vernon-Anacortes, WA  Metro Area",2,119534,1,1,25.5,28.5,87.9,22.3,54856,54.856,4.4,50.7,40,15.1,92.6,1.3,2.5,2.8,.3,5,15.7
"Muncie, IN  Metro Area",2,115192,4,2,20,25.8,83.2,20.8,34781,34.781,8.4,52,33.5,14.8,94.2,5.9,4,1.2,-999999999,.5,1.5
"Muskegon-Norton Shores, MI  Metro Area",2,173951,4,2,20.4,31.8,87.9,15.4,38274,38.274,8.9,49.5,37.7,13.1,83.6,14.7,1.8,.8,-999999999,2,4.6
"Muskogee, OK  Micro Area",1,71412,7,4,19.4,28.5,81.9,15.9,31855,31.855,8.8,52.6,36.8,15,73.9,13.3,20.7,.8,-999999999,3.3,4.7
"Myrtle Beach-North Myrtle Beach-Conway, SC  Metro Area",2,263868,9,4,21.7,23.5,87.6,20.8,41321,41.321,6,51.4,41.7,17.8,82.1,14.4,.6,1.3,-999999999,2.8,5
"Napa, CA  Metro Area",2,134650,1,1,24.1,28.7,83.5,31.2,68541,68.541,4.2,49.2,39.2,14.9,81.1,2.4,2.4,7.6,.6,8.4,30.8
"Naples-Marco Island, FL  Metro Area",2,318537,9,4,21.6,20.8,85.8,31,52988,52.988,4.1,49,46.3,26.9,88.9,6.3,1.1,1.3,-999999999,3.4,26.2
"Nashville-Davidson--Murfreesboro--Franklin, TN  Metro A",2,1581908,8,4,25.8,31.1,86.9,31,51066,51.066,5.2,50.9,35.5,10.5,80.3,16,.8,2.4,.1,2,6
"New Bern, NC  Micro Area",1,121456,9,4,20,29.5,85.8,19,37416,37.416,10.2,51.3,38.2,16.9,73.8,24.1,.5,1.5,-999999999,2.1,4.8
"New Castle, PA  Micro Area",1,90160,5,3,21.8,24.5,85.8,18.5,43232,43.232,8.4,52.3,44,19.1,95.2,5.1,.8,-999999999,-999999999,.2,.9
"New Haven-Milford, CT  Metro Area",2,848006,6,3,23.5,30.5,87.6,32.7,60601,60.601,10.4,51.6,38.5,13.9,78.3,13.4,1.1,3.9,-999999999,6.4,13.7
"New Iberia, LA  Micro Area",1,75101,7,4,27.7,30.3,77.4,10.4,43204,43.204,7.9,52,34,12.4,66.2,31.9,1.2,2.5,-999999999,-999999999,2.4
"New Orleans-Metairie-Kenner, LA  Metro Area",2,1189981,7,4,24.7,29,84.7,26.2,46219,46.219,9.9,51.9,37.5,12.2,59.6,35.5,.8,3,-999999999,2.2,6.6
"New Philadelphia-Dover, OH  Micro Area",1,91137,4,2,21.3,27.5,85.9,13.5,40801,40.801,7.7,51,41.2,16.2,98.7,1.2,-999999999,-999999999,-999999999,-999999999,1.4
"New York-Northern New Jersey-Long Island, NY-NJ-PA  Met",2,19069796,5,3,34.6,30.5,84.3,35.6,62887,62.887,30.6,51.5,37.8,13,62.9,18.7,.7,10,0,9.8,21.8
"Niles-Benton Harbor, MI  Metro Area",2,160472,4,2,20,24,86.9,24.1,39508,39.508,7.3,51.9,39.8,15.8,82.1,15.6,.9,1.9,-999999999,1.2,4.2
"North Wilkesboro, NC  Micro Area",1,66555,9,4,25.5,28.5,73.5,11.9,33883,33.883,9.7,51.5,42.4,16.5,92.3,4.5,-999999999,-999999999,-999999999,2.9,5.6
"Norwich-New London, CT  Metro Area",2,266830,6,3,22.7,31.6,89.8,32.7,64148,64.148,5.1,51,40.2,14,87.6,7.2,1.9,4.3,-999999999,2.7,7
"Oak Harbor, WA  Micro Area",1,81054,1,1,26.8,19.3,92.4,28.1,55787,55.787,4.6,51.4,44.5,20.8,91.5,2.6,1,6,.9,2.1,4
"Ocala, FL  Metro Area",2,328547,9,4,25.2,21.8,83.9,17.5,39035,39.035,5,51.4,46.3,24.6,83.4,12.7,.7,1.6,-999999999,3.1,9.6
"Ocean City, NJ  Metro Area",2,96092,5,3,20.9,28.4,88,25.4,50184,50.184,10,52.4,47.2,21.3,91.5,6.3,.5,.3,-999999999,2.2,4.9
"Odessa, TX  Metro Area",2,134625,7,4,18.8,32.3,74.1,12.8,44097,44.097,5.1,51.3,30.3,10.5,88.1,5.7,2.1,1.1,-999999999,7,51.9
"Ogden-Clearfield, UT  Metro Area",2,542642,2,1,21.9,43.3,92.2,27.6,60208,60.208,3.9,49.5,30,9,91.1,1.9,1.3,2.4,.5,5.2,11.3
"Ogdensburg-Massena, NY  Micro Area",1,109715,5,3,19.2,28.1,87.7,18.7,42654,42.654,6.8,49.4,37.4,13.3,95,3.7,.6,1.2,-999999999,1,2
"Oklahoma City, OK  Metro Area",2,1227278,7,4,21.1,29.9,87.2,27.2,45109,45.109,5.3,50.6,34.2,12,80.2,11.5,7.1,3.6,.2,3.5,10.1
"Olean, NY  Micro Area",1,79689,5,3,21.3,27.7,85.4,16.5,38551,38.551,8.8,50.7,40.8,15.6,94.8,2,3.3,.9,-999999999,.3,1.3
"Olympia, WA  Metro Area",2,250979,1,1,25.2,28.4,91.5,30.1,58541,58.541,5.3,50.9,38.4,12.3,88.5,3.8,3.1,6.6,.9,2.1,6.4
"Omaha-Council Bluffs, NE-IA  Metro Area",2,849491,3,2,19.8,31.9,90.5,31.7,52277,52.277,7.1,50.5,34.3,11.1,85.8,8.4,1.4,2.5,.1,4.2,7.9
"Opelousas-Eunice, LA  Micro Area",1,92326,7,4,25.8,33.4,73.4,12.5,34559,34.559,13.2,52.2,35.7,13.9,57,42.7,-999999999,-999999999,-999999999,-999999999,1.4
"Orangeburg, SC  Micro Area",1,90112,9,4,20.9,27.8,77.8,17.7,34199,34.199,8.5,53.2,37.8,15.3,36.1,62.5,-999999999,.7,-999999999,.9,1.6
"Orlando-Kissimmee, FL  Metro Area",2,2082421,9,4,27,29.1,87.4,26.6,46946,46.946,5.5,50.5,36.1,13.3,75.5,16.3,.9,4.3,.2,5.2,23.8
"Oshkosh-Neenah, WI  Metro Area",2,163370,4,2,17.6,30,89.5,23.9,46558,46.558,5.6,50,36.9,12.6,95.6,1.9,.9,2.3,-999999999,.4,3.3
"Ottawa-Streator, IL  Micro Area",1,153699,4,2,21.5,28.8,88.1,15.4,51705,51.705,5.5,50.7,40.7,16.5,96.5,2,.6,.9,-999999999,2.7,7.3
"Owensboro, KY  Metro Area",2,112750,8,4,18.2,30,87.5,15.9,42254,42.254,7.9,51.2,38.6,14.6,95,4.9,.8,.7,-999999999,.5,1.6
"Owosso, MI  Micro Area",1,70006,4,2,27.2,29.3,89.8,14.1,41083,41.083,4.3,50.5,40.1,14.2,99,.9,1,-999999999,-999999999,-999999999,2
"Oxnard-Thousand Oaks-Ventura, CA  Metro Area",2,802983,1,1,24,36.7,83.1,31,71723,71.723,4.3,49.8,36.6,11.8,75.2,2.5,2,7.8,.4,15.9,38.5
"Paducah, KY-IL  Micro Area",1,96913,4,2,18.7,28.6,86.3,20.5,41127,41.127,7.6,52.9,41.1,17.4,90.7,11,1.2,1,-999999999,-999999999,.4
"Palatka, FL  Micro Area",1,72893,9,4,28,26.8,80.7,10.8,30278,30.278,6.6,50.5,41.7,19.8,79.3,17.5,.6,-999999999,-999999999,3,9
"Palm Bay-Melbourne-Titusville, FL  Metro Area",2,536357,9,4,22.6,24.5,90.7,25.1,45391,45.391,4.7,50.8,44.8,20.8,86.5,10.6,.8,2.9,.1,1.8,7.3
"Palm Coast, FL  Metro Area",2,91622,9,4,25.3,23.5,91,21.7,50180,50.18,2.5,52.6,47.8,24.7,84.3,11.8,-999999999,2.6,-999999999,3.5,8.2
"Panama City-Lynn Haven-Panama City Beach, FL  Metro Are",2,164767,9,4,21,26.8,84.3,19.3,44357,44.357,4.5,50.7,38,14.8,85,12.6,1.9,2.8,-999999999,.9,3.8
"Parkersburg-Marietta-Vienna, WV-OH  Metro Area",2,159754,4,2,19.5,28.6,88,17.1,39370,39.37,7.4,51.5,41.8,17.2,98.3,1.8,1.1,.7,-999999999,.4,.9
"Pascagoula, MS  Metro Area",2,155603,8,4,25.7,36.5,85.9,16.2,48036,48.036,3.7,49.5,35.3,11.8,75.4,22.6,.6,2.4,-999999999,.5,3.4
"Pendleton-Hermiston, OR  Micro Area",1,83146,1,1,17,31.2,80.6,16,49668,49.668,6.5,47.3,36.2,11.9,93.1,.8,5.5,1.9,-999999999,2.4,19.6
"Pensacola-Ferry Pass-Brent, FL  Metro Area",2,455102,9,4,24.1,28.1,87.3,23.1,45534,45.534,6.8,50.2,37.1,13.9,79.1,17.9,2,3.3,.3,1.3,4
"Peoria, IL  Metro Area",2,375779,4,2,19.9,26.4,90.6,25.8,49863,49.863,7.2,51.2,38.1,14.6,89.3,9.9,.7,1.9,-999999999,.7,2.2
"Philadelphia-Camden-Wilmington, PA-NJ-DE-MD  Metro Area",2,5968252,5,3,28,30,88.2,32.3,60065,60.065,13.6,51.7,38,13.3,71.9,21.6,.7,4.9,0,2.9,7.1
"Phoenix-Mesa-Scottsdale, AZ  Metro Area",2,4364094,2,1,25.6,32.3,84.6,27.3,52796,52.796,6.5,49.4,33.7,11.4,84,5.5,2.9,3.7,.3,6.6,31.7
"Pine Bluff, AR  Metro Area",2,101134,7,4,24.4,30.8,79.4,15.5,33226,33.226,7.7,47.8,36.8,13.2,51,47.9,.6,1,-999999999,1.5,2
"Pittsburgh, PA  Metro Area",2,2354957,5,3,25.4,24.7,91,27.9,46349,46.349,11.8,51.8,42.3,17.3,89.9,8.9,.5,1.8,0,.4,1.2
"Pittsfield, MA  Metro Area",2,129288,6,3,20.2,23.5,90.1,28,42290,42.29,11.4,52.1,44.3,18.4,95.3,2.9,.8,1.8,-999999999,.6,2.7
"Plattsburgh, NY  Micro Area",1,81618,5,3,17.9,27.9,83.7,20.3,46660,46.66,8.7,49.5,38.2,13.5,94.4,4,1.3,1.3,-999999999,1,2.8
"Pocatello, ID  Metro Area",2,91343,4,2,18,32.5,90.1,24.4,45418,45.418,3.7,50.9,30,10.7,92.4,1,4.2,2.3,-999999999,2.8,9.9
"Ponce, PR  Metro Area",2,262414,10,5,23.5, , , ,16636,16.636,19.8,51.1,34.9,13.4,87.1,21.6,.2,.2,-999999999,9.2,99.3
"Port Angeles, WA  Micro Area",1,71413,1,1,18.8,23.1,89.1,20.5,42583,42.583,3.8,51.3,49.2,23.6,92.9,.8,7.4,2.2,-999999999,.4,5.1
"Port St. Lucie, FL  Metro Area",2,406296,9,4,25.8,23.5,85.6,22,46186,46.186,4.6,51,44.6,22.6,81.3,14.5,.9,1.8,-999999999,3.9,14.1
"Portland-South Portland-Biddeford, ME  Metro Area",2,516826,6,3,23.3,26.6,92.5,34.4,53849,53.849,5.8,51.4,41.2,14.5,96.2,2.1,1.1,1.7,.1,.4,1.7
"Portland-Vancouver-Beaverton, OR-WA  Metro Area",2,2241913,1,1,24.8,30.4,90.1,33.9,55521,55.521,7.8,50.3,36.4,10.8,86.3,3.8,2.3,6.7,.7,4.4,10.6
"Portsmouth, OH  Micro Area",1,76334,4,2,23.2,25.4,81.6,15.1,29665,29.665,7.4,51.2,38.2,15.1,95.3,3.6,.9,.9,-999999999,.7,1.1
"Pottsville, PA  Micro Area",1,146952,5,3,25.1,26,82.7,13.4,41503,41.503,11.3,49.2,43.1,18.4,96.7,3.3,.4,.5,-999999999,.6,2.3
"Poughkeepsie-Newburgh-Middletown, NY  Metro Area",2,677094,5,3,32.2,35.2,88,30.1,69148,69.148,7.9,49.7,38.1,11.5,81.2,11.4,1,3.4,-999999999,5.9,13.7
"Prescott, AZ  Metro Area",2,215686,2,1,20.5,18,90.5,23.1,40402,40.402,3.5,51.3,48.9,23.6,94.2,1.3,3.1,1.5,-999999999,2.8,13.2
"Providence-New Bedford-Fall River, RI-MA  Metro Area",2,1600642,6,3,24.3,28.5,83.3,28.2,54202,54.202,8.8,51.5,39.6,14.2,87,6.1,.8,2.9,0,5.4,9.7
"Provo-Orem, UT  Metro Area",2,554965,2,1,20.9,47.5,93.2,33.3,57476,57.476,3.6,50.2,23.3,6.5,93.2,.9,1.2,2.2,1.1,3.8,9.7
"Pueblo, CO  Metro Area",2,157224,2,1,21.1,26.6,85.8,22.4,38780,38.78,6.7,51.5,38.1,14.9,87.5,2.9,3.3,1.5,-999999999,9.1,39.5
"Punta Gorda, FL  Metro Area",2,156952,9,4,24.1,16.7,86.7,22.6,40362,40.362,6.2,51.6,55.5,34.6,93.1,6.2,1,1.8,-999999999,.5,5.1
"Quincy, IL-MO  Micro Area",1,78058,4,2,16.7,30.2,89.3,21.7,39804,39.804,7.5,50.9,40.1,17.1,95.5,4.7,.2,-999999999,-999999999,.5,.9
"Racine, WI  Metro Area",2,200601,4,2,22.6,29.2,86.7,22.3,51743,51.743,7.4,50.4,38.4,12.9,85.3,11.4,1.3,1.1,-999999999,3.1,10.7
"Raleigh-Cary, NC  Metro Area",2,1125827,9,4,24.3,34.5,89.4,42.2,59316,59.316,4.2,50.5,34.5,8.6,72.3,20.7,1,4.4,0,3.6,9.3
"Rapid City, SD  Metro Area",2,124766,3,2,18.4,30.2,92.8,24.7,46243,46.243,4.6,50.6,36.6,13.4,89.4,2.1,8.5,2.2,-999999999,1.8,4.1
"Reading, PA  Metro Area",2,407125,5,3,24,31.4,84.3,21.5,53485,53.485,6.3,50.7,39.1,14.3,86.3,5.9,.6,1.6,-999999999,8.1,14.9
"Redding, CA  Metro Area",2,181099,1,1,19,28.3,87.8,20.2,42889,42.889,6.9,51.1,41.2,15.8,91.9,2.1,4.7,3.3,.4,2.7,8.1
"Reno-Sparks, NV  Metro Area",2,418551,2,1,21,29.4,86.5,25.9,52737,52.737,8.2,49.3,36.4,12.2,84.8,2.9,2.7,6.4,.8,5.8,21.6
"Richmond-Berea, KY  Micro Area",1,98667,8,4,23.3,26.7,80.6,22.1,38628,38.628,7.8,51.3,34,11.6,95.7,3,2.3,.9,-999999999,1.1,1.3
"Richmond, IN  Micro Area",1,67552,4,2,18.7,29.1,80.8,16.3,39598,39.598,9.8,53.1,41,16.9,94.6,6.1,1,-999999999,-999999999,1.3,2.3
"Richmond, VA  Metro Area",2,1235458,9,4,24.9,30.6,85.4,31.4,55609,55.609,7.2,51.8,37.3,11.9,65.9,31,1,3.1,.1,1.2,4.2
"Riverside-San Bernardino-Ontario, CA  Metro Area",2,4143113,1,1,30,39,78.6,19.2,53815,53.815,5.2,49.9,32.1,10.1,68.1,8.6,2.1,6.7,.4,18.2,46.3
"Roanoke Rapids, NC  Micro Area",1,74718,9,4,22.5,22.8,73.8,10.3,29102,29.102,12.9,51.5,41.9,16.8,42.8,56.4,4.5,-999999999,-999999999,-999999999,1
"Roanoke, VA  Metro Area",2,299521,9,4,21.4,26.9,85.9,24,46326,46.326,7.4,52.4,40.8,16.6,85.8,13.4,.5,1.4,-999999999,.6,2.5
"Rochester, MN  Metro Area",2,185618,3,2,18.4,32.4,94.3,37.3,62465,62.465,4.9,50.6,37.1,12.8,91.6,3.5,.5,4.6,-999999999,.8,2.9
"Rochester, NY  Metro Area",2,1035566,5,3,20.3,28.5,88.6,31.7,50346,50.346,9.6,50.9,39.6,13.9,84.1,12.4,.6,2.5,-999999999,2.1,5.4
"Rockford, IL  Metro Area",2,353722,4,2,24.1,31,84.8,21.1,45728,45.728,8.2,49.9,38,13,85.7,11.1,.8,2.2,-999999999,2.5,12
"Rocky Mount, NC  Metro Area",2,146596,9,4,20.2,27.5,80.7,16.8,36420,36.42,12.9,52.5,39,13.8,53.2,44.4,1.1,.7,-999999999,2.9,4.8
"Rome, GA  Metro Area",2,96250,9,4,23.2,34.5,75.9,18.7,38957,38.957,7.5,50.7,36.3,14.3,81,14,.7,1.9,-999999999,3.8,8.4
"Roseburg, OR  Micro Area",1,103205,1,1,18.6,22.8,86.7,16.6,39076,39.076,4.8,50.7,45.7,20.8,95.6,.7,3.4,1.3,.3,.9,4.3
"Roswell, NM  Micro Area",1,63622,2,1,16.4,27.8,76.3,16,35043,35.043,6.7,50.9,31.5,14.9,84.9,1.4,9.1,2.1,-999999999,11.7,48.3
"Russellville, AR  Micro Area",1,82710,7,4,20.8,34.7,78,16.5,37989,37.989,3.6,50.8,36.6,13.4,91.1,3,1.5,.8,-999999999,4.8,11.5
"Sacramento--Arden-Arcade--Roseville, CA  Metro Area",2,2127355,1,1,25.6,32.2,87,29.7,57361,57.361,6.5,50.6,35.9,11.9,72,8.7,2.6,13,.9,8,19.3
"Saginaw-Saginaw Township North, MI  Metro Area",2,200050,4,2,20.1,28,86.2,18.4,39200,39.2,9,51.9,39.9,15,79.1,19.3,1.7,1.3,-999999999,2.2,7.5
"Salem, OR  Metro Area",2,396103,1,1,22.9,30.4,83.8,21.1,44915,44.915,6.2,49.7,35.4,13.5,87,1.5,3,2.6,.8,8.7,20.9
"Salinas, CA  Metro Area",2,410370,1,1,22.5,38.3,69.4,21.5,58448,58.448,5.5,47.8,32.4,10.3,76.3,4.2,2.1,7.5,.6,13.2,53.9
"Salisbury, MD  Metro Area",2,120181,9,4,23,30.3,84.6,21.4,45817,45.817,8.6,50.7,36.3,13.9,70.8,28.2,1.1,1.9,-999999999,.7,3.5
"Salisbury, NC  Micro Area",1,140798,9,4,23,28.2,80.2,17.9,43578,43.578,6,50.7,39.1,14.9,80.6,16.2,.8,1.1,-999999999,2.8,6.8
"Salt Lake City, UT  Metro Area",2,1130293,2,1,22.1,36.2,88.9,29.7,57138,57.138,5.3,49.3,30.9,8.6,89.8,2.2,1.4,3.7,1.6,3.7,16
"San Angelo, TX  Metro Area",2,110409,7,4,15.9,27.3,80.6,20.2,40807,40.807,8,51.3,33.5,13.7,88.8,4.8,1.5,1.3,-999999999,6.5,34.9
"San Antonio, TX  Metro Area",2,2073092,7,4,25.1,33.1,81.5,24.8,47955,47.955,7,51,33.7,11.2,79,7.2,1.7,2.4,.2,12.4,53.4
"San Diego-Carlsbad-San Marcos, CA  Metro Area",2,3053793,1,1,23.9,31.3,85.4,34.6,60231,60.231,6.2,49.8,34.7,11.4,77.4,5.8,1.8,12.2,.8,6.4,31.3
"San Francisco-Oakland-Fremont, CA  Metro Area",2,4317853,1,1,28.6,28.1,86.9,43.5,73825,73.825,12,50.2,38.2,12.4,60.4,9.6,1.4,24.5,1.1,7.9,20.7
"San Germán-Cabo Rojo, PR  Metro Area",2,147435,10,5,24.2, , , ,15431,15.431,19.5,51.9,37.8,16.4,96.9,2.6,-999999999,-999999999,-999999999,1.1,99.4
"San Jose-Sunnyvale-Santa Clara, CA  Metro Area",2,1839883,1,1,24.1,35.8,85.4,43.3,84483,84.483,5.3,48.9,35.7,10.8,55,3.2,1.4,32.4,.6,12,27.1
"San Juan-Caguas-Guaynabo, PR  Metro Area",2,2618532,10,5,30.8, , , ,20541,20.541,19.5,52.4,36.4,14,82.5,21.2,.4,.5,-999999999,8.6,98.8
"San Luis Obispo-Paso Robles, CA  Metro Area",2,266971,1,1,19.9,24.5,88.9,30.1,56661,56.661,4.9,48.6,39.3,14.9,87.8,2.5,2.3,4.2,.2,7,19.6
"Sandusky, OH  Metro Area",2,76963,4,2,17.4,23.7,89.2,21.1,43099,43.099,8,51.1,43.9,17.7,90.4,10.2,-999999999,.6,-999999999,1,2.7
"Santa Barbara-Santa Maria-Goleta, CA  Metro Area",2,407057,1,1,18.8,28.7,79.3,31.5,59051,59.051,6.5,49.3,33.2,13,80.4,3,2.2,5.5,.3,12.1,40.4
"Santa Cruz-Watsonville, CA  Metro Area",2,256218,1,1,25.2,27.4,84.7,38.4,61499,61.499,6,50,37.1,11,87.6,1.5,2,5.4,.7,8.1,30.2
"Santa Fe, NM  Metro Area",2,147532,2,1,22.1,21.2,85,38.7,52684,52.684,4.8,50.6,40.6,14.6,87.2,1.9,3.9,1.8,-999999999,7,50.6
"Santa Rosa-Petaluma, CA  Metro Area",2,472102,1,1,25.5,28.1,86.2,32.6,62368,62.368,5.1,50.4,39.4,13.6,85.4,2.3,2.5,5.3,-999999999,7.7,23.6
"Savannah, GA  Metro Area",2,343092,9,4,22.7,29.7,88.3,26.5,45021,45.021,7,51.7,34,11.6,62.8,34.9,.4,2.3,-999999999,1.1,3.2
"Scranton--Wilkes-Barre, PA  Metro Area",2,550274,5,3,21.5,25.7,88,22.4,41823,41.823,11,51.8,42,17.8,94.6,3.7,.4,1.1,-999999999,1.3,4.4
"Seaford, DE  Micro Area",1,192747,9,4,23.1,21.3,88.4,23.7,50729,50.729,3.9,51.5,44.9,21.3,82,14,1,1.1,-999999999,4.8,7.2
"Searcy, AR  Micro Area",1,76338,7,4,22.4,29.8,83.3,15.4,38161,38.161,4.2,50.3,36,14.3,93.6,5.4,1.2,-999999999,-999999999,.6,3.2
"Seattle-Tacoma-Bellevue, WA  Metro Area",2,3407848,1,1,27.4,29.3,91.3,37.4,64028,64.028,7.1,49.9,36.5,10.6,79.5,6.9,2.2,12.5,1,2.9,8
"Sebastian-Vero Beach, FL  Metro Area",2,135167,9,4,20.4,23.4,86.9,27.2,42712,42.712,5.6,51.2,48.1,26.5,89.1,9.2,.6,1.4,-999999999,.8,10.5
"Sebring, FL  Micro Area",1,98704,9,4,21.5,21.1,79.2,13.7,33225,33.225,5.3,50.6,49,31.9,86.9,9.8,1.2,1.6,-999999999,1.9,17.5
"Seneca, SC  Micro Area",1,71514,9,4,27.2,28.3,83.3,22.2,36587,36.587,6,50.6,42.8,18.8,90.5,7.9,-999999999,-999999999,-999999999,1.4,4.1
"Sevierville, TN  Micro Area",1,86243,8,4,27.4,29.5,82.1,15,42099,42.099,4,51.1,40.1,15.7,97.5,1.4,.9,.9,-999999999,-999999999,2.9
"Shawnee, OK  Micro Area",1,70274,7,4,22.1,30.8,82.8,16.1,38486,38.486,6.9,51.5,35.7,14.6,82.9,5,14.6,1.5,-999999999,1.7,3.6
"Sheboygan, WI  Metro Area",2,114560,4,2,18.7,28.9,90.7,21.7,52217,52.217,6.3,49.4,40.7,14,93.4,1.8,1.3,4.9,-999999999,.9,5.3
"Shelby, NC  Micro Area",1,99274,9,4,23.6,29.1,82.8,17.2,37902,37.902,6.9,51.6,39.7,15.2,78.1,21.9,.5,.2,-999999999,-999999999,2.4
"Sherman-Denison, TX  Metro Area",2,120030,7,4,24.9,30.1,86.7,19.3,43261,43.261,5.5,51.2,38.4,15.3,89.5,6.6,2.8,1,-999999999,4.2,10.6
"Show Low, AZ  Micro Area",1,112975,2,1,20.1,31.4,79.4,12.9,34547,34.547,8.8,50.4,34.2,12.4,50.7,.3,47.7,1.3,-999999999,5,10
"Shreveport-Bossier City, LA  Metro Area",2,391516,7,4,19.8,26.5,86.4,20.6,40936,40.936,8.8,51.8,35.6,13.3,59.2,39.5,.9,1.4,-999999999,.7,3.2
"Sierra Vista-Douglas, AZ  Micro Area",1,129518,2,1,19.5,27.9,82.9,22.1,45706,45.706,6.2,50.5,41.4,17.9,85.7,5.6,2.9,3,1,6.8,32.1
"Sioux City, IA-NE-SD  Metro Area",2,142903,3,2,17.8,33.9,84.7,20.2,45422,45.422,5.4,50.3,34.7,11.9,84.8,3,3.6,2.3,-999999999,9,14.1
"Sioux Falls, SD  Metro Area",2,238827,3,2,17.6,32.3,91.6,28.7,50498,50.498,4.5,50.3,33.6,11.5,92.7,2.7,2.5,1.8,-999999999,2.5,3.6
"Somerset, PA  Micro Area",1,76953,5,3,21.8,23.4,83,13.1,39362,39.362,6.4,49.4,44.2,18.7,97.9,2.2,-999999999,.8,-999999999,-999999999,1.1
"South Bend-Mishawaka, IN-MI  Metro Area",2,317538,4,2,20.3,29.5,87.5,23.9,43607,43.607,7.4,51.3,36.6,13.3,84.6,12.5,1,1.9,-999999999,2.8,5.9
"Southern Pines-Pinehurst, NC  Micro Area",1,87158,9,4,22.3,26.3,89.2,32.5,45193,45.193,6,51.7,44,21.7,82.2,14.8,1,.9,-999999999,1.7,6.1
"Spartanburg, SC  Metro Area",2,286822,9,4,21.2,26.7,80.9,19,39691,39.691,6,51.3,38.1,13.9,75.3,21.5,.7,2.1,-999999999,1.7,5.6
"Spokane, WA  Metro Area",2,468684,1,1,21.2,29.8,92.5,27.5,44719,44.719,7.1,50.9,36.7,12.9,93.9,2.7,2.7,3.1,.6,1.2,4.2
"Springfield, IL  Metro Area",2,207775,4,2,18.8,28.4,90.5,30.3,52649,52.649,7.2,52,39.7,14,87.6,11.3,.5,1.5,-999999999,.6,1.5
"Springfield, MA  Metro Area",2,698903,6,3,22.6,28,85.7,27.4,49177,49.177,10.7,52.1,39,13.8,84.4,7.7,.7,2.5,-999999999,7,14.6
"Springfield, MO  Metro Area",2,431768,3,2,21.2,29.5,87.8,24.6,39744,39.744,5.8,50.7,35.4,13.7,96.4,2.5,1.9,1.3,.2,.8,2.4
"Springfield, OH  Metro Area",2,139671,4,2,22.4,28.1,84.2,15.1,42367,42.367,8.1,51.6,39.9,15.8,90.6,10.3,.7,.8,-999999999,.7,2
"St. Cloud, MN  Metro Area",2,189148,3,2,21.2,29.8,89.3,21.9,48038,48.038,6,49.8,33.5,12.2,95.8,2.6,.6,2,-999999999,.7,1.9
"St. George, UT  Metro Area",2,137473,2,1,17.2,36.2,90.4,21.8,46462,46.462,3.8,50.5,32,17.3,93.6,.6,2,1.3,1,2.9,8.3
"St. Joseph, MO-KS  Metro Area",2,123645,3,2,20.2,28.7,85.5,18.8,42198,42.198,6.8,48.6,37.6,14.4,93.9,5.5,1.3,.7,.6,1.2,3.1
"St. Louis, MO-IL  Metro Area",2,2825769,3,2,24.8,30.1,88.7,29.4,51691,51.691,7.6,51.6,37.9,13.2,79.2,18.7,.8,2.3,.1,.8,2.3
"State College, PA  Metro Area",2,146212,5,3,19.8,22.7,93.7,40.4,48960,48.96,9.7,48.9,27.4,11.3,91.3,3.3,.3,5.1,-999999999,-999999999,2.4
"Statesboro, GA  Micro Area",1,69213,9,4,24.3,23.3,87.5,28.5,32185,32.185,6.7,52.6,24.5,10.2,68.5,29.1,1,2.6,-999999999,.8,2.9
"Statesville-Mooresville, NC  Micro Area",1,158153,9,4,24.8,31.8,84.4,20.7,47344,47.344,6.4,50.4,38.7,12.8,83.9,13,.4,2,-999999999,1.4,6.1
"Staunton-Waynesboro, VA  Micro Area",1,116086,9,4,20.9,27.7,81.4,18.5,46907,46.907,6.3,50.3,41.5,17.5,92.7,5.8,.7,.4,-999999999,1.3,2.7
"Stevens Point, WI  Micro Area",1,69176,4,2,17.3,28.2,91.6,26.2,50282,50.282,3.5,50.3,35.2,11.9,95.9,1,.8,2.9,-999999999,.9,2.1
"Stillwater, OK  Micro Area",1,79727,7,4,17.7,22.7,88.1,32.9,33662,33.662,7.6,49.4,26.3,12.1,89,4.9,7.1,3,-999999999,1.5,3
"Stockton, CA  Metro Area",2,674860,1,1,29.8,38.7,74.6,18,52789,52.789,6.1,49.8,32.2,10.1,64.5,8.9,2.8,15.8,.8,13.1,37.6
"Sumter, SC  Metro Area",2,104495,9,4,20.5,29.1,81.7,18.2,37689,37.689,7.9,52.2,34.2,13.6,50.4,48.2,.4,1.5,-999999999,-999999999,2.8
"Sunbury, PA  Micro Area",1,91311,5,3,22.4,26.7,82.5,12.8,37602,37.602,9.6,50.4,43.1,18.6,97.1,2.2,-999999999,.9,-999999999,.3,2.1
"Syracuse, NY  Metro Area",2,646084,5,3,20.6,28.2,89.3,28.6,49630,49.63,10.4,51.5,38.9,13.7,88.7,8.6,1.2,2.4,-999999999,.7,2.7
"Talladega-Sylacauga, AL  Micro Area",1,80242,8,4,25.2,28.8,75.1,13.5,36526,36.526,5.7,51.4,38.5,14.4,66.5,33.2,.4,-999999999,-999999999,.2,1.5
"Tallahassee, FL  Metro Area",2,360403,9,4,20.9,21.8,87.6,33.9,39973,39.973,6.8,51.6,31,10.4,62.2,34.7,.5,2.3,.2,1.5,4.3
"Tampa-St. Petersburg-Clearwater, FL  Metro Area",2,2747272,9,4,25.3,25.4,86.5,24.6,44061,44.061,6.5,51.3,40.6,17.3,82.9,12.7,.9,3.3,.1,2,15.1
"Terre Haute, IN  Metro Area",2,169495,4,2,22.2,29.3,87.7,18.1,38299,38.299,7,49.5,37.8,14.4,92.9,5.9,.6,1.4,.3,.6,1.6
"Texarkana, TX-Texarkana, AR  Metro Area",2,137486,7,4,17.5,29.3,83.4,16.7,40703,40.703,7,49.7,37.7,13.8,74.7,24.8,2.9,.8,-999999999,1.2,4.9
"The Villages, FL  Micro Area",1,77681,9,4,26.8,20.4,82.2,19.8,46520,46.52,3.5,46.7,51.7,30.1,85.1,12.7,.8,.7,-999999999,1.6,8.1
"Thomasville-Lexington, NC  Micro Area",1,158582,9,4,23.5,29.5,79.9,17.5,43587,43.587,6,51.4,39.8,13.6,85.3,9.8,.6,1.4,-999999999,3.7,6.3
"Toledo, OH  Metro Area",2,672220,4,2,19.9,28.9,87.6,22,43324,43.324,8.6,51.6,37.4,13.3,84.3,13.8,.9,1.6,-999999999,1.3,5.4
"Topeka, KS  Metro Area",2,232222,3,2,20.7,27.9,90.4,25.2,48144,48.144,8,51.4,39.3,14.1,87.9,8.3,3.1,1.4,-999999999,2.7,7.8
"Torrington, CT  Micro Area",1,188728,6,3,26.4,28.4,91.1,31.2,67835,67.835,4.7,51.1,43.7,15.4,95.7,2.1,1.2,2,-999999999,1.3,4
"Traverse City, MI  Micro Area",1,144024,4,2,21.1,24.5,91.8,26.9,48020,48.02,3.5,50.4,43.6,17.1,98.2,.5,2.2,.8,-999999999,.5,2.8
"Trenton-Ewing, NJ  Metro Area",2,366222,5,3,26.8,30.7,86.1,38.1,71650,71.65,13.4,50.7,37.2,12.5,67.8,20.8,.4,8.8,-999999999,4.4,13.8
"Truckee-Grass Valley, CA  Micro Area",1,97751,1,1,22.1,26,95.2,32.2,57884,57.884,3.9,50.7,46.9,18.6,95.1,-999999999,2.5,2.1,1.2,1.7,8
"Tucson, AZ  Metro Area",2,1020200,2,1,23.2,25.6,85.2,28.2,43137,43.137,8.4,51.1,37.2,15.1,81.8,4.3,4.6,3.2,.2,8.5,33.7
"Tullahoma, TN  Micro Area",1,100093,8,4,22.9,27.1,82.8,19.4,39689,39.689,6.5,52.4,40.6,16.6,96.2,3.9,3.2,.4,-999999999,.5,2.1
"Tulsa, OK  Metro Area",2,930246,7,4,20.8,31.7,87.2,25.1,46412,46.412,6.1,50.9,36,12.6,81.7,9.7,11.4,2,.1,2.3,8
"Tupelo, MS  Micro Area",1,134162,8,4,20.3,32.7,78.5,19.2,36316,36.316,6.1,50.4,36.8,12.9,77.3,20.4,.8,.5,-999999999,1.7,2.3
"Tuscaloosa, AL  Metro Area",2,209956,8,4,21.2,26.6,85.5,24,40017,40.017,5.2,51.7,31.8,11.3,62.7,35.6,.5,1.2,-999999999,.4,1.8
"Twin Falls, ID  Micro Area",1,96558,2,1,15.7,34.6,79.8,14.9,39076,39.076,3.5,50.6,34,14.2,95.2,.6,1.3,1,-999999999,3.5,19.1
"Tyler, TX  Metro Area",2,204665,7,4,20.8,27.9,84.4,23.4,46456,46.456,5.7,51.6,36.1,14.7,78.1,18.5,1.4,1.2,-999999999,1.9,16.3
"Ukiah, CA  Micro Area",1,86040,1,1,20,26.3,84,21.4,41867,41.867,4.8,49.8,40.4,15.7,86.9,.8,7.3,2.1,-999999999,6.6,21
"Utica-Rome, NY  Metro Area",2,293280,5,3,19.8,28.3,86.1,18.8,45266,45.266,11.2,50.1,41.1,16.2,91.9,6.2,.6,1.6,-999999999,1.5,3.6
"Valdosta, GA  Metro Area",2,135623,9,4,17.7,34,81.6,21.1,38558,38.558,7.1,50.5,29.5,10,62.8,33.9,.5,1.6,-999999999,2.9,3.8
"Vallejo-Fairfield, CA  Metro Area",2,407234,1,1,28.5,33.7,85.9,24.2,65783,65.783,5.2,49.8,36.7,11.4,60.6,16.3,2,16.8,1.6,11.3,22.8
"Victoria, TX  Metro Area",2,114993,7,4,21.9,31,80.3,16.7,47787,47.787,6,50.6,36.1,13.5,83.7,6.7,3.3,1.6,-999999999,9.9,43.6
"Vineland-Millville-Bridgeton, NJ  Metro Area",2,157745,5,3,23.3,34.4,77.2,15.7,48959,48.959,11,48.4,36,12.5,67.4,23.1,2.3,1.5,-999999999,10.2,24.8
"Virginia Beach-Norfolk-Newport News, VA-NC  Metro Area",2,1675792,9,4,23.2,31.4,89.4,27.2,55209,55.209,6.6,51.1,34.7,11.6,63.8,32.9,1.1,4,.2,1.2,4.5
"Visalia-Porterville, CA  Metro Area",2,429668,1,1,20.4,42.1,67.4,12.1,39997,39.997,6.2,49.6,29.4,9.5,81.9,2.4,2.4,4.1,.2,12.1,58.3
"Waco, TX  Metro Area",2,233378,7,4,19.5,28.5,80.4,21.1,38837,38.837,7.1,51.6,31,12.2,77.6,15.7,1.2,1.8,.1,5.9,22.5
"Warner Robins, GA  Metro Area",2,135715,9,4,20.9,32,88.5,27.6,49965,49.965,3.9,51.2,33.4,10.8,68.5,29.2,.9,2.9,-999999999,1.1,4.2
"Warsaw, IN  Micro Area",1,76499,4,2,19.3,38.7,87.7,18.7,46494,46.494,5.2,50.5,37.7,12.9,94.7,.9,-999999999,1.2,-999999999,3.7,7.3
"Washington-Arlington-Alexandria, DC-VA-MD-WV  Metro Are",2,5476241,9,4,33.4,31.2,90,47.3,85168,85.168,9.8,51.1,36.1,10,59.3,27.2,1,9.7,.1,5.7,13
"Waterloo-Cedar Falls, IA  Metro Area",2,166511,3,2,17,25.2,91.5,25,44487,44.487,7.3,51,35.3,14.5,91.3,7.2,.5,1.3,-999999999,1.8,2.4
"Watertown-Fort Atkinson, WI  Micro Area",1,80833,4,2,22.4,30.1,89.5,24.1,52833,52.833,4.3,49.4,38.6,13.1,97.7,1,1,.8,-999999999,1.7,6.1
"Watertown-Fort Drum, NY  Micro Area",1,118719,5,3,18.3,32.6,87.7,19.5,43080,43.08,10.2,49.5,34.1,11.8,92.8,5.3,3.2,1.6,-999999999,2,4.8
"Wausau, WI  Metro Area",2,131612,4,2,18.4,28.4,89.1,20.9,49674,49.674,5.9,50.1,39.2,14.1,93.6,.9,.6,5.5,-999999999,.4,1.5
"Weirton-Steubenville, WV-OH  Metro Area",2,120929,4,2,23.6,25.4,87.6,13.7,37892,37.892,9.2,51.8,44.5,19.1,95.5,4.8,.7,.5,-999999999,-999999999,.6
"Wenatchee-East Wenatchee, WA  Metro Area",2,109937,1,1,17.5,30.3,83,24.6,49755,49.755,4.7,50.8,38.4,14.3,86.9,-999999999,1.8,1.8,.2,11.7,25.1
"Wheeling, WV-OH  Metro Area",2,144637,1,1,22.5,24.1,86.6,18.5,39009,39.009,9.2,50.9,43.6,17.9,95.9,3.8,.9,.7,-999999999,.4,.9
"Whitewater, WI  Micro Area",1,100593,4,2,24.9,29.2,90.8,27.9,49482,49.482,6.7,48.8,38.5,13.2,95.8,1.3,.7,1.2,-999999999,2.1,9.4
"Wichita Falls, TX  Metro Area",2,148995,9,4,16.7,29.9,84.4,17.9,43628,43.628,5.9,49.7,35.4,13.8,84.8,10,2.1,2.4,-999999999,3.8,13.6
"Wichita, KS  Metro Area",2,613568,3,2,18.6,31.2,89.7,26.5,48202,48.202,5.5,50.3,34.9,11.9,85.3,8.8,2.2,3.8,-999999999,3.5,9.9
"Williamsport, PA  Metro Area",2,116840,5,3,18.2,25.6,86.8,17.8,39968,39.968,9.4,50.3,40.6,16.4,94.3,5.6,.8,.6,-999999999,.5,1.1
"Willimantic, CT  Micro Area",1,117518,6,3,25.4,30.8,83.8,19.1,58459,58.459,7.3,50.6,38.9,12.6,93.6,2.7,1.5,1.4,-999999999,3.9,8.6
"Wilmington, NC  Metro Area",2,354525,9,4,22.2,24.9,88.9,28.9,44034,44.034,6.4,52,40,15.8,83.1,14.5,1.6,1.1,-999999999,2.2,4
"Wilson, NC  Micro Area",1,78353,9,4,19.9,31.1,81.1,17.3,40053,40.053,10.1,52.1,38.3,13.9,53.8,39.3,-999999999,.9,-999999999,7.5,9.2
"Winchester, VA-WV  Metro Area",2,123989,9,4,30.3,31.2,84,21.4,48498,48.498,3.8,50.5,38.2,13.4,91,5.6,1.7,1.9,-999999999,2.1,6.1
"Winston-Salem, NC  Metro Area",2,484921,9,4,22,31.2,85.8,25.5,45722,45.722,6.3,51.5,38.7,13.6,73,20.4,.8,1.4,-999999999,6,9.7
"Wooster, OH  Micro Area",1,114222,4,2,19.3,30.4,87.5,19.2,47562,47.562,7.5,50.9,38.6,14.2,96.9,2.2,.3,1.1,-999999999,-999999999,1.4
"Worcester, MA  Metro Area",2,803701,6,3,27.7,32.3,88.5,33,63360,63.36,8.4,50.7,39.2,12.5,90.2,4.5,.6,4.1,0,2.6,8.6
"Yakima, WA  Metro Area",2,239054,1,1,19.4,39,70.1,14.6,41249,41.249,5.9,50,31.7,11.5,73.9,1.8,5.7,1.9,.2,20.6,42.4
"Yauco, PR  Metro Area",2,125266,10,5,23.6, , , ,13554,13.554,19.6,51.4,35.4,13,92.2,2.9,-999999999,-999999999,-999999999,5.6,98.2
"York-Hanover, PA  Metro Area",2,428937,5,3,25.7,30.6,87.4,21.4,57027,57.027,5.5,50.5,39.8,14,91.4,6.2,.5,1.5,-999999999,2.5,4.9
"Youngstown-Warren-Boardman, OH-PA  Metro Area",2,562963,4,2,22.1,25,86.9,17.6,40920,40.92,9.2,51.6,42.2,17.4,88,11.6,.6,.8,-999999999,.6,2.2
"Yuba City, CA  Metro Area",2,165539,1,1,28,39.4,77.6,16.9,47327,47.327,6.5,49.6,32.9,11,72.9,3.2,4.4,11.7,.9,13.6,26
"Yuma, AZ  Metro Area",2,196972,2,1,18.3,38.2,69.5,13.9,38681,38.681,5.7,50.3,35.2,18.7,79.4,3.2,2.2,1.5,-999999999,15.7,57
"Zanesville, OH  Micro Area",1,84884,4,2,22.2,29.4,86,13.6,36989,36.989,6.7,52.2,40,15.8,96.6,5.2,.9,.5,-999999999,-999999999,.7
